wall,cpu,seed,pinned,pumps,paused,state,phase,path,computing,waypoints,clearanceProbes,moving,speed,x,y,z,targetId,targetDist,stillFor,failure
1789508055.430,8541.191,1420318884.000,nil,0.000,false,DORMANT,DORMANT,IDLE,false,0.000,0.000,false,0.000,0.000,0.000,0.000,0.000,-1.000,0.000,
1789508055.693,8541.455,1420318884.000,nil,0.000,false,DORMANT,DORMANT,IDLE,false,0.000,0.000,false,0.000,0.000,0.000,0.000,0.000,-1.000,0.000,
1789508055.960,8541.722,1420318884.000,nil,0.000,false,DORMANT,DORMANT,IDLE,false,0.000,0.000,false,0.000,0.000,0.000,0.000,0.000,-1.000,0.000,
1789508056.228,8541.989,1420318884.000,nil,0.000,false,DORMANT,DORMANT,IDLE,false,0.000,0.000,false,0.000,0.000,0.000,0.000,0.000,-1.000,0.000,
1789508056.493,8542.255,1420318884.000,nil,0.000,false,DORMANT,DORMANT,IDLE,false,0.000,0.000,false,0.000,0.000,0.000,0.000,0.000,-1.000,0.000,
1789508056.760,8542.521,1420318884.000,nil,0.000,false,DORMANT,DORMANT,IDLE,false,0.000,0.000,false,0.000,0.000,0.000,0.000,0.000,-1.000,0.000,
1789508057.027,8542.788,1420318884.000,nil,0.000,false,DORMANT,DORMANT,IDLE,false,0.000,0.000,false,0.000,0.000,0.000,0.000,0.000,-1.000,0.000,
1789508057.294,8543.055,1420318884.000,nil,0.000,false,DORMANT,DORMANT,IDLE,false,0.000,0.000,false,0.000,0.000,0.000,0.000,0.000,-1.000,0.000,
1789508057.560,8543.321,1420318884.000,nil,0.000,false,DORMANT,DORMANT,IDLE,false,0.000,0.000,false,0.000,0.000,0.000,0.000,0.000,-1.000,0.000,
1789508057.827,8543.588,1420318884.000,nil,0.000,false,DORMANT,DORMANT,IDLE,false,0.000,0.000,false,0.000,0.000,0.000,0.000,0.000,-1.000,0.000,
1789508058.093,8543.854,1420318884.000,nil,0.000,false,DORMANT,DORMANT,IDLE,false,0.000,0.000,false,0.000,0.000,0.000,0.000,0.000,-1.000,0.000,
1789508058.361,8544.122,1420318884.000,nil,0.000,false,DORMANT,DORMANT,IDLE,false,0.000,0.000,false,0.000,0.000,0.000,0.000,0.000,-1.000,0.000,
1789508058.626,8544.387,1420318884.000,nil,0.000,false,DORMANT,DORMANT,IDLE,false,0.000,0.000,false,0.000,0.000,0.000,0.000,0.000,-1.000,0.000,
1789508058.893,8544.654,1420318884.000,nil,0.000,false,DORMANT,DORMANT,IDLE,false,0.000,0.000,false,0.000,0.000,0.000,0.000,0.000,-1.000,0.000,
1789508059.160,8544.921,1420318884.000,nil,0.000,false,DORMANT,DORMANT,IDLE,false,0.000,0.000,false,0.000,0.000,0.000,0.000,0.000,-1.000,0.000,
1789508059.428,8545.189,1420318884.000,nil,0.000,false,DORMANT,DORMANT,IDLE,false,0.000,0.000,false,0.000,0.000,0.000,0.000,0.000,-1.000,0.000,
1789508059.694,8545.455,1420318884.000,nil,0.000,false,DORMANT,DORMANT,IDLE,false,0.000,0.000,false,0.000,0.000,0.000,0.000,0.000,-1.000,0.000,
1789508059.954,8545.715,1420318884.000,nil,0.000,false,DORMANT,DORMANT,IDLE,false,0.000,0.000,false,0.000,0.000,0.000,0.000,0.000,-1.000,0.000,
1789508060.210,8545.971,1420318884.000,nil,0.000,false,DORMANT,DORMANT,IDLE,false,0.000,0.000,false,0.000,0.000,0.000,0.000,0.000,-1.000,0.000,
1789508060.477,8546.238,1420318884.000,nil,0.000,false,DORMANT,DORMANT,IDLE,false,0.000,0.000,false,0.000,0.000,0.000,0.000,0.000,-1.000,0.000,
1789508060.743,8546.504,1420318884.000,nil,0.000,false,DORMANT,DORMANT,IDLE,false,0.000,0.000,false,0.000,0.000,0.000,0.000,0.000,-1.000,0.000,
1789508061.009,8546.771,1420318884.000,nil,0.000,false,DORMANT,DORMANT,IDLE,false,0.000,0.000,false,0.000,0.000,0.000,0.000,0.000,-1.000,0.000,
1789508061.277,8547.038,1420318884.000,nil,0.000,false,DORMANT,DORMANT,IDLE,false,0.000,0.000,false,0.000,0.000,0.000,0.000,0.000,-1.000,0.000,
1789508061.544,8547.305,1420318884.000,nil,0.000,false,DORMANT,DORMANT,IDLE,false,0.000,0.000,false,0.000,0.000,0.000,0.000,0.000,-1.000,0.000,
1789508061.810,8547.571,1420318884.000,nil,0.000,false,DORMANT,DORMANT,IDLE,false,0.000,0.000,false,0.000,0.000,0.000,0.000,0.000,-1.000,0.000,
1789508062.077,8547.838,1420318884.000,nil,0.000,false,DORMANT,DORMANT,IDLE,false,0.000,0.000,false,0.000,0.000,0.000,0.000,0.000,-1.000,0.000,
1789508062.343,8548.104,1420318884.000,nil,0.000,false,DORMANT,DORMANT,IDLE,false,0.000,0.000,false,0.000,0.000,0.000,0.000,0.000,-1.000,0.000,
1789508062.610,8548.372,1420318884.000,nil,0.000,false,DORMANT,DORMANT,IDLE,false,0.000,0.000,false,0.000,0.000,0.000,0.000,0.000,-1.000,0.000,
1789508062.876,8548.636,1420318884.000,nil,0.000,false,DORMANT,DORMANT,IDLE,false,0.000,0.000,false,0.000,0.000,0.000,0.000,0.000,-1.000,0.000,
1789508063.143,8548.905,1420318884.000,nil,0.000,false,DORMANT,DORMANT,IDLE,false,0.000,0.000,false,0.000,0.000,0.000,0.000,0.000,-1.000,0.000,
1789508063.410,8549.171,1420318884.000,nil,0.000,false,DORMANT,DORMANT,IDLE,false,0.000,0.000,false,0.000,0.000,0.000,0.000,0.000,-1.000,0.000,
1789508063.676,8549.437,1420318884.000,nil,0.000,false,DORMANT,DORMANT,IDLE,false,0.000,0.000,false,0.000,0.000,0.000,0.000,0.000,-1.000,0.000,
1789508063.943,8549.704,1420318884.000,nil,0.000,false,DORMANT,DORMANT,IDLE,false,0.000,0.000,false,0.000,0.000,0.000,0.000,0.000,-1.000,0.000,
1789508064.209,8549.970,1420318884.000,nil,0.000,false,DORMANT,DORMANT,IDLE,false,0.000,0.000,false,0.000,0.000,0.000,0.000,0.000,-1.000,0.000,
1789508064.476,8550.237,1420318884.000,nil,0.000,false,DORMANT,DORMANT,IDLE,false,0.000,0.000,false,0.000,0.000,0.000,0.000,0.000,-1.000,0.000,
1789508064.743,8550.505,1420318884.000,nil,0.000,false,DORMANT,DORMANT,IDLE,false,0.000,0.000,false,0.000,0.000,0.000,0.000,0.000,-1.000,0.000,
1789508065.009,8550.771,1420318884.000,nil,0.000,false,DORMANT,DORMANT,IDLE,false,0.000,0.000,false,0.000,0.000,0.000,0.000,0.000,-1.000,0.000,
1789508065.275,8551.036,1420318884.000,nil,0.000,false,DORMANT,DORMANT,IDLE,false,0.000,0.000,false,0.000,0.000,0.000,0.000,0.000,-1.000,0.000,
1789508065.543,8551.304,1420318884.000,nil,0.000,false,DORMANT,DORMANT,IDLE,false,0.000,0.000,false,0.000,0.000,0.000,0.000,0.000,-1.000,0.000,
1789508065.809,8551.570,1420318884.000,nil,0.000,false,DORMANT,DORMANT,IDLE,false,0.000,0.000,false,0.000,0.000,0.000,0.000,0.000,-1.000,0.000,
1789508066.076,8551.837,1420318884.000,nil,0.000,false,DORMANT,DORMANT,IDLE,false,0.000,0.000,false,0.000,0.000,0.000,0.000,0.000,-1.000,0.000,
1789508066.343,8552.105,1420318884.000,nil,0.000,false,DORMANT,DORMANT,IDLE,false,0.000,0.000,false,0.000,0.000,0.000,0.000,0.000,-1.000,0.000,
1789508066.609,8552.371,1420318884.000,nil,1.000,false,DORMANT,DORMANT,IDLE,false,0.000,0.000,false,0.000,0.000,0.000,0.000,0.000,-1.000,0.000,
1789508066.878,8552.639,1420318884.000,nil,1.000,false,DORMANT,DORMANT,IDLE,false,0.000,0.000,false,0.000,0.000,0.000,0.000,0.000,-1.000,0.000,
1789508067.142,8552.903,1420318884.000,nil,1.000,false,DORMANT,DORMANT,IDLE,false,0.000,0.000,false,0.000,0.000,0.000,0.000,0.000,-1.000,0.000,
1789508067.412,8553.173,1420318884.000,nil,1.000,false,DORMANT,DORMANT,IDLE,false,0.000,0.000,false,0.000,0.000,0.000,0.000,0.000,-1.000,0.000,
1789508067.733,8553.493,1420318884.000,nil,1.000,false,DORMANT,DORMANT,IDLE,false,0.000,0.000,false,0.000,0.000,0.000,0.000,0.000,-1.000,0.000,
1789508068.034,8553.795,1420318884.000,nil,1.000,false,DORMANT,DORMANT,IDLE,false,0.000,0.000,false,0.000,0.000,0.000,0.000,0.000,-1.000,0.000,
1789508068.301,8554.062,1420318884.000,nil,1.000,false,DORMANT,DORMANT,IDLE,false,0.000,0.000,false,0.000,0.000,0.000,0.000,0.000,-1.000,0.000,
1789508068.560,8554.321,1420318884.000,nil,1.000,false,DORMANT,DORMANT,IDLE,false,0.000,0.000,false,0.000,0.000,0.000,0.000,0.000,-1.000,0.000,
1789508068.827,8554.589,1420318884.000,nil,1.000,false,DORMANT,DORMANT,IDLE,false,0.000,0.000,false,0.000,0.000,0.000,0.000,0.000,-1.000,0.000,
1789508069.093,8554.855,1420318884.000,nil,1.000,false,DORMANT,DORMANT,IDLE,false,0.000,0.000,false,0.000,0.000,0.000,0.000,0.000,-1.000,0.000,
1789508069.360,8555.121,1420318884.000,nil,1.000,false,DORMANT,DORMANT,IDLE,false,0.000,0.000,false,0.000,0.000,0.000,0.000,0.000,-1.000,0.000,
1789508069.626,8555.387,1420318884.000,nil,1.000,false,DORMANT,DORMANT,IDLE,false,0.000,0.000,false,0.000,0.000,0.000,0.000,0.000,-1.000,0.000,
1789508069.892,8555.653,1420318884.000,nil,1.000,false,DORMANT,DORMANT,IDLE,false,0.000,0.000,false,0.000,0.000,0.000,0.000,0.000,-1.000,0.000,
1789508070.161,8555.922,1420318884.000,nil,1.000,false,DORMANT,DORMANT,IDLE,false,0.000,0.000,false,0.000,0.000,0.000,0.000,0.000,-1.000,0.000,
1789508070.426,8556.187,1420318884.000,nil,1.000,false,DORMANT,DORMANT,IDLE,false,0.000,0.000,false,0.000,0.000,0.000,0.000,0.000,-1.000,0.000,
1789508070.692,8556.454,1420318884.000,nil,1.000,false,DORMANT,DORMANT,IDLE,false,0.000,0.000,false,0.000,0.000,0.000,0.000,0.000,-1.000,0.000,
1789508070.960,8556.721,1420318884.000,nil,1.000,false,DORMANT,DORMANT,IDLE,false,0.000,0.000,false,0.000,0.000,0.000,0.000,0.000,-1.000,0.000,
1789508071.226,8556.987,1420318884.000,nil,1.000,false,DORMANT,DORMANT,IDLE,false,0.000,0.000,false,0.000,0.000,0.000,0.000,0.000,-1.000,0.000,
1789508071.487,8557.247,1420318884.000,nil,2.000,false,SPAWNING,ACTIVE,IDLE,false,0.000,0.000,false,0.000,0.000,0.000,0.000,0.000,-1.000,0.000,
1789508071.808,8557.569,1420318884.000,nil,2.000,false,CHASE,ACTIVE,MOVING,true,0.000,0.000,false,0.000,-562.508,6.080,-262.554,40920547.000,157.719,0.000,
1789508072.107,8557.868,1420318884.000,nil,2.000,false,CHASE,ACTIVE,MOVING,true,0.000,0.000,false,0.000,-562.508,6.080,-262.554,40920547.000,157.719,0.000,
1789508072.363,8558.124,1420318884.000,nil,2.000,false,CHASE,ACTIVE,MOVING,true,0.000,0.000,false,0.000,-562.508,6.080,-262.554,40920547.000,157.719,0.256,
1789508072.627,8558.388,1420318884.000,nil,2.000,false,CHASE,ACTIVE,MOVING,false,16.000,0.000,true,10.001,-562.700,6.080,-264.543,40920547.000,155.745,0.000,
1789508072.893,8558.655,1420318884.000,nil,2.000,false,CHASE,ACTIVE,MOVING,false,16.000,0.000,true,9.999,-562.956,6.080,-267.191,40920547.000,153.118,0.000,
1789508073.159,8558.920,1420318884.000,nil,2.000,false,CHASE,ACTIVE,MOVING,false,16.000,0.000,true,10.000,-563.212,6.080,-269.844,40920547.000,150.487,0.000,
1789508073.426,8559.187,1420318884.000,nil,2.000,false,CHASE,ACTIVE,MOVING,false,16.000,0.000,true,10.000,-563.468,6.080,-272.496,40920547.000,147.858,0.000,
1789508073.692,8559.454,1420318884.000,nil,2.000,false,CHASE,ACTIVE,MOVING,false,16.000,0.000,true,9.999,-563.725,6.080,-275.158,40920547.000,145.220,0.000,
1789508073.960,8559.721,1420318884.000,nil,2.000,false,CHASE,ACTIVE,MOVING,false,16.000,0.000,true,10.000,-563.980,6.080,-277.802,40920547.000,142.602,0.000,
1789508074.226,8559.987,1420318884.000,nil,2.000,false,CHASE,ACTIVE,MOVING,false,16.000,0.000,true,10.000,-564.235,6.080,-280.448,40920547.000,139.984,0.000,
1789508074.492,8560.254,1420318884.000,nil,2.000,false,CHASE,ACTIVE,MOVING,false,16.000,0.000,true,9.999,-564.493,6.080,-283.112,40920547.000,137.348,0.000,
1789508074.760,8560.521,1420318884.000,nil,2.000,false,CHASE,ACTIVE,MOVING,false,16.000,0.000,true,10.000,-564.749,6.080,-285.767,40920547.000,134.724,0.000,
1789508075.027,8560.788,1420318884.000,nil,2.000,false,CHASE,ACTIVE,MOVING,false,16.000,0.000,true,10.000,-565.006,6.080,-288.433,40920547.000,132.090,0.000,
1789508075.292,8561.053,1420318884.000,nil,2.000,false,CHASE,ACTIVE,MOVING,false,16.000,0.000,true,10.000,-565.261,6.080,-291.077,40920547.000,129.480,0.000,
1789508075.559,8561.321,1420318884.000,nil,2.000,false,CHASE,ACTIVE,MOVING,false,16.000,0.000,true,9.999,-565.518,6.080,-293.733,40920547.000,126.860,0.000,
1789508075.827,8561.588,1420318884.000,nil,2.000,false,CHASE,ACTIVE,MOVING,false,16.000,0.000,true,10.000,-565.774,6.080,-296.388,40920547.000,124.243,0.000,
1789508076.093,8561.855,1420318884.000,nil,2.000,false,CHASE,ACTIVE,MOVING,false,16.000,0.000,true,10.000,-566.030,6.080,-299.038,40920547.000,121.633,0.000,
1789508076.359,8562.121,1420318884.000,nil,2.000,false,CHASE,ACTIVE,MOVING,false,16.000,0.000,true,10.000,-566.286,6.080,-301.690,40920547.000,119.024,0.000,
1789508076.630,8562.391,1420318884.000,nil,2.000,false,CHASE,ACTIVE,MOVING,false,16.000,0.000,true,10.000,-566.541,6.080,-304.339,40920547.000,116.419,0.000,
1789508076.893,8562.654,1420318884.000,nil,2.000,false,CHASE,ACTIVE,MOVING,false,16.000,0.000,true,10.000,-566.798,6.080,-307.003,40920547.000,113.803,0.000,
1789508077.159,8562.920,1420318884.000,nil,2.000,false,CHASE,ACTIVE,MOVING,false,16.000,0.000,true,10.000,-567.055,6.080,-309.666,40920547.000,111.191,0.000,
1789508077.426,8563.187,1420318884.000,nil,2.000,false,CHASE,ACTIVE,MOVING,false,16.000,0.000,true,10.001,-567.311,6.080,-312.315,40920547.000,108.596,0.000,
1789508077.692,8563.454,1420318884.000,nil,2.000,false,CHASE,ACTIVE,MOVING,false,16.000,0.000,true,10.000,-567.568,6.080,-314.969,40920547.000,105.998,0.000,
1789508077.960,8563.721,1420318884.000,nil,2.000,false,CHASE,ACTIVE,MOVING,false,16.000,0.000,true,9.999,-567.823,6.080,-317.615,40920547.000,103.412,0.000,
1789508078.226,8563.987,1420318884.000,nil,2.000,false,CHASE,ACTIVE,MOVING,false,16.000,0.000,true,10.000,-568.079,6.080,-320.265,40920547.000,100.826,0.000,
1789508078.492,8564.253,1420318884.000,nil,2.000,false,CHASE,ACTIVE,MOVING,false,16.000,0.000,true,14.367,-568.964,6.080,-323.228,40920547.000,97.739,0.000,
1789508078.760,8564.521,1420318884.000,nil,2.000,false,CHASE,ACTIVE,MOVING,false,16.000,0.000,true,20.000,-570.417,6.080,-327.715,40920547.000,93.025,0.000,
1789508079.025,8564.786,1420318884.000,nil,2.000,false,CHASE,ACTIVE,MOVING,false,16.000,0.000,true,19.999,-572.131,6.080,-332.780,40920547.000,87.680,0.000,
1789508079.292,8565.053,1420318884.000,nil,2.000,false,CHASE,ACTIVE,MOVING,false,16.000,0.000,true,20.000,-573.901,6.080,-337.795,40920547.000,82.364,0.000,
1789508079.560,8565.321,1420318884.000,nil,2.000,false,CHASE,ACTIVE,MOVING,false,16.000,0.000,true,20.000,-575.686,6.080,-342.824,40920547.000,77.030,0.000,
1789508079.826,8565.587,1420318884.000,nil,2.000,false,CHASE,ACTIVE,MOVING,false,16.000,0.000,true,19.999,-577.483,6.080,-347.870,40920547.000,71.676,0.000,
1789508080.092,8565.853,1420318884.000,nil,2.000,false,CHASE,ACTIVE,MOVING,false,16.000,0.000,true,20.000,-579.267,6.080,-352.876,40920547.000,66.365,0.000,
1789508080.358,8566.119,1420318884.000,nil,2.000,false,CHASE,ACTIVE,MOVING,false,16.000,0.000,true,20.000,-581.063,6.080,-357.912,40920547.000,61.021,0.000,
1789508080.626,8566.387,1420318884.000,nil,2.000,false,CHASE,ACTIVE,MOVING,false,16.000,0.000,true,20.001,-582.853,6.080,-362.934,40920547.000,55.694,0.000,
1789508080.892,8566.653,1420318884.000,nil,2.000,false,CHASE,ACTIVE,MOVING,false,16.000,0.000,true,19.999,-584.640,6.080,-367.946,40920547.000,50.377,0.000,
1789508081.159,8566.920,1420318884.000,nil,2.000,false,CHASE,ACTIVE,MOVING,false,16.000,0.000,true,20.001,-586.445,6.080,-373.010,40920547.000,45.007,0.000,
1789508081.426,8567.187,1420318884.000,nil,2.000,false,CHASE,ACTIVE,MOVING,false,16.000,0.000,true,20.000,-588.227,6.080,-378.007,40920547.000,39.710,0.000,
1789508081.693,8567.454,1420318884.000,nil,2.000,false,CHASE,ACTIVE,MOVING,false,16.000,0.000,true,19.999,-590.029,6.080,-383.061,40920547.000,34.354,0.000,
1789508081.959,8567.720,1420318884.000,nil,2.000,false,CHASE,ACTIVE,MOVING,false,16.000,0.000,true,20.000,-591.814,6.080,-388.069,40920547.000,29.052,0.000,
1789508082.226,8567.987,1420318884.000,nil,2.000,false,CHASE,ACTIVE,MOVING,false,16.000,0.000,true,19.999,-593.589,6.080,-393.047,40920547.000,23.787,0.000,
1789508082.492,8568.253,1420318884.000,nil,2.000,false,CHASE,ACTIVE,MOVING,false,16.000,0.000,true,20.000,-595.395,6.080,-398.112,40920547.000,18.441,0.000,
1789508082.759,8568.520,1420318884.000,nil,2.000,false,CHASE,ACTIVE,MOVING,false,16.000,0.000,true,20.001,-597.186,6.080,-403.137,40920547.000,13.163,0.000,
1789508083.026,8568.787,1420318884.000,nil,2.000,false,ATTACK,ACTIVE,MOVING,false,16.000,0.000,false,0.000,-598.076,6.080,-405.634,40920547.000,10.562,0.000,
1789508083.292,8569.054,1420318884.000,nil,2.000,false,ATTACK,ACTIVE,MOVING,false,16.000,0.000,false,0.000,-598.076,6.080,-405.634,40920547.000,10.562,0.000,
1789508083.550,8569.311,1420318884.000,nil,2.000,false,ATTACK,ACTIVE,MOVING,false,16.000,0.000,false,0.000,-598.076,6.080,-405.634,40920547.000,10.562,0.258,
1789508083.809,8569.570,1420318884.000,nil,2.000,false,ATTACK,ACTIVE,MOVING,false,16.000,0.000,false,0.000,-598.076,6.080,-405.634,40920547.000,10.562,0.516,
1789508084.076,8569.837,1420318884.000,nil,2.000,false,ATTACK,ACTIVE,MOVING,false,16.000,0.000,false,0.000,-598.076,6.080,-405.634,40920547.000,10.562,0.783,
1789508084.342,8570.103,1420318884.000,nil,2.000,false,CHASE,ACTIVE,MOVING,false,1.000,0.000,true,6.389,-598.184,6.080,-406.342,40920547.000,9.877,0.000,
1789508084.608,8570.370,1420318884.000,nil,2.000,false,CHASE,ACTIVE,MOVING,false,1.000,0.000,true,12.799,-598.577,6.080,-408.929,40920547.000,7.427,0.000,
1789508084.875,8570.636,1420318884.000,nil,2.000,false,CHASE,ACTIVE,MOVING,false,1.000,0.000,true,19.205,-599.227,6.080,-413.205,40920547.000,3.886,0.000,
1789508085.142,8570.903,1420318884.000,nil,2.000,false,CHASE,ACTIVE,ARRIVED,false,1.000,0.000,false,0.000,-599.257,6.080,-413.404,40920547.000,3.761,0.000,
1789508085.410,8571.171,1420318884.000,nil,2.000,false,ATTACK,ACTIVE,ARRIVED,false,1.000,0.000,false,0.000,-599.257,6.080,-413.404,40920547.000,3.761,0.000,
1789508085.676,8571.438,1420318884.000,nil,2.000,false,ATTACK,ACTIVE,ARRIVED,false,1.000,0.000,false,0.000,-599.257,6.080,-413.404,40920547.000,3.761,0.267,
1789508085.941,8571.703,1420318884.000,nil,2.000,false,ATTACK,ACTIVE,ARRIVED,false,1.000,0.000,false,0.000,-599.257,6.080,-413.404,40920547.000,3.761,0.532,
1789508086.210,8571.971,1420318884.000,nil,2.000,false,ATTACK,ACTIVE,ARRIVED,false,1.000,0.000,false,0.000,-599.257,6.080,-413.404,40920547.000,3.761,0.800,
1789508086.475,8572.236,1420318884.000,nil,2.000,false,ATTACK,ACTIVE,ARRIVED,false,1.000,0.000,false,0.000,-599.257,6.080,-413.404,40920547.000,3.761,1.065,
1789508086.742,8572.504,1420318884.000,nil,2.000,false,CHASE,ACTIVE,MOVING,false,1.000,0.000,true,6.382,-600.056,6.080,-413.340,40920547.000,3.374,0.000,
1789508087.009,8572.770,1420318884.000,nil,2.000,false,CHASE,ACTIVE,MOVING,false,1.000,0.000,true,12.780,-602.656,6.080,-413.133,40920547.000,3.362,0.000,
1789508087.276,8573.037,1420318884.000,nil,2.000,false,CHASE,ACTIVE,ARRIVED,false,1.000,0.000,false,0.000,-603.341,6.080,-413.078,40920547.000,3.681,0.000,
1789508087.542,8573.304,1420318884.000,nil,2.000,false,CHASE,ACTIVE,ARRIVED,false,1.000,0.000,false,0.000,-603.341,6.080,-413.078,40920547.000,3.681,0.000,
1789508087.809,8573.570,1420318884.000,nil,2.000,false,ATTACK,ACTIVE,ARRIVED,false,1.000,0.000,false,0.000,-603.341,6.080,-413.078,40920547.000,3.681,0.266,
1789508088.076,8573.837,1420318884.000,nil,2.000,false,ATTACK,ACTIVE,ARRIVED,false,1.000,0.000,false,0.000,-603.341,6.080,-413.078,40920547.000,3.681,0.533,
1789508088.343,8574.104,1420318884.000,nil,2.000,false,ATTACK,ACTIVE,ARRIVED,false,1.000,0.000,false,0.000,-603.341,6.080,-413.078,40920547.000,3.681,0.800,
1789508088.608,8574.369,1420318884.000,nil,2.000,false,ATTACK,ACTIVE,ARRIVED,false,1.000,0.000,false,0.000,-603.341,6.080,-413.078,40920547.000,3.681,1.066,
1789508088.875,8574.637,1420318884.000,nil,2.000,false,ATTACK,ACTIVE,ARRIVED,false,1.000,0.000,false,0.000,-603.341,6.080,-413.078,40920547.000,3.681,1.333,
1789508089.143,8574.904,1420318884.000,nil,2.000,false,CHASE,ACTIVE,MOVING,false,1.000,0.000,true,5.559,-602.674,6.080,-413.144,40920547.000,3.360,0.000,
1789508089.408,8575.169,1420318884.000,nil,2.000,false,CHASE,ACTIVE,MOVING,false,1.000,0.000,true,11.960,-600.295,6.080,-413.378,40920547.000,3.253,0.000,
1789508089.676,8575.438,1420318884.000,nil,2.000,false,CHASE,ACTIVE,ARRIVED,false,1.000,0.000,false,0.000,-599.224,6.080,-413.483,40920547.000,3.741,0.000,
1789508089.942,8575.703,1420318884.000,nil,2.000,false,CHASE,ACTIVE,ARRIVED,false,1.000,0.000,false,0.000,-599.224,6.080,-413.483,40920547.000,3.741,0.000,
1789508090.208,8575.969,1420318884.000,nil,2.000,false,ATTACK,ACTIVE,ARRIVED,false,1.000,0.000,false,0.000,-599.224,6.080,-413.483,40920547.000,3.741,0.266,
1789508090.476,8576.237,1420318884.000,nil,2.000,false,ATTACK,ACTIVE,ARRIVED,false,1.000,0.000,false,0.000,-599.224,6.080,-413.483,40920547.000,3.741,0.533,
1789508090.742,8576.503,1420318884.000,nil,2.000,false,ATTACK,ACTIVE,ARRIVED,false,1.000,0.000,false,0.000,-599.224,6.080,-413.483,40920547.000,3.741,0.800,
1789508091.009,8576.770,1420318884.000,nil,2.000,false,ATTACK,ACTIVE,ARRIVED,false,1.000,0.000,false,0.000,-599.224,6.080,-413.483,40920547.000,3.741,1.067,
1789508091.275,8577.036,1420318884.000,nil,2.000,false,ATTACK,ACTIVE,ARRIVED,false,1.000,0.000,false,0.000,-599.224,6.080,-413.483,40920547.000,3.741,1.333,
1789508091.542,8577.303,1420318884.000,nil,2.000,false,CHASE,ACTIVE,MOVING,false,1.000,0.000,true,5.189,-599.577,6.080,-413.444,40920547.000,3.554,0.000,
1789508091.810,8577.571,1420318884.000,nil,2.000,false,CHASE,ACTIVE,MOVING,false,1.000,0.000,true,11.592,-601.856,6.080,-413.189,40920547.000,3.148,0.000,
1789508092.076,8577.837,1420318884.000,nil,2.000,false,CHASE,ACTIVE,ARRIVED,false,1.000,0.000,false,0.000,-603.393,6.080,-413.018,40920547.000,3.743,0.000,
1789508092.342,8578.103,1420318884.000,nil,2.000,false,CHASE,ACTIVE,ARRIVED,false,1.000,0.000,false,0.000,-603.393,6.080,-413.018,40920547.000,3.743,0.000,
1789508092.609,8578.370,1420318884.000,nil,2.000,false,ATTACK,ACTIVE,ARRIVED,false,1.000,0.000,false,0.000,-603.393,6.080,-413.018,40920547.000,3.743,0.266,
1789508092.876,8578.637,1420318884.000,nil,2.000,false,ATTACK,ACTIVE,ARRIVED,false,1.000,0.000,false,0.000,-603.393,6.080,-413.018,40920547.000,3.743,0.533,
1789508093.141,8578.903,1420318884.000,nil,2.000,false,ATTACK,ACTIVE,ARRIVED,false,1.000,0.000,false,0.000,-603.393,6.080,-413.018,40920547.000,3.743,0.799,
1789508093.409,8579.170,1420318884.000,nil,2.000,false,ATTACK,ACTIVE,ARRIVED,false,1.000,0.000,false,0.000,-603.393,6.080,-413.018,40920547.000,3.743,1.067,
1789508093.675,8579.436,1420318884.000,nil,2.000,false,ATTACK,ACTIVE,ARRIVED,false,1.000,0.000,false,0.000,-603.393,6.080,-413.018,40920547.000,3.743,1.333,
1789508093.942,8579.703,1420318884.000,nil,2.000,false,CHASE,ACTIVE,MOVING,false,1.000,0.000,true,4.814,-603.105,6.080,-413.050,40920547.000,3.589,0.000,
1789508094.209,8579.970,1420318884.000,nil,2.000,false,CHASE,ACTIVE,MOVING,false,1.000,0.000,true,11.212,-600.928,6.080,-413.292,40920547.000,3.123,0.000,
1789508094.476,8580.237,1420318884.000,nil,2.000,false,CHASE,ACTIVE,ARRIVED,false,1.000,0.000,false,0.000,-599.191,6.080,-413.484,40920547.000,3.760,0.000,
1789508094.741,8580.503,1420318884.000,nil,2.000,false,CHASE,ACTIVE,ARRIVED,false,1.000,0.000,false,0.000,-599.191,6.080,-413.484,40920547.000,3.760,0.000,
1789508095.009,8580.770,1420318884.000,nil,2.000,false,ATTACK,ACTIVE,ARRIVED,false,1.000,0.000,false,0.000,-599.191,6.080,-413.484,40920547.000,3.760,0.267,
1789508095.276,8581.037,1420318884.000,nil,2.000,false,ATTACK,ACTIVE,ARRIVED,false,1.000,0.000,false,0.000,-599.191,6.080,-413.484,40920547.000,3.760,0.534,
1789508095.542,8581.303,1420318884.000,nil,2.000,false,ATTACK,ACTIVE,ARRIVED,false,1.000,0.000,false,0.000,-599.191,6.080,-413.484,40920547.000,3.760,0.800,
1789508095.809,8581.570,1420318884.000,nil,2.000,false,ATTACK,ACTIVE,ARRIVED,false,1.000,0.000,false,0.000,-599.191,6.080,-413.484,40920547.000,3.760,1.068,
1789508096.075,8581.836,1420318884.000,nil,2.000,false,ATTACK,ACTIVE,ARRIVED,false,1.000,0.000,false,0.000,-599.191,6.080,-413.484,40920547.000,3.760,1.333,
1789508096.342,8582.103,1420318884.000,nil,2.000,false,CHASE,ACTIVE,MOVING,false,1.000,0.000,true,4.867,-599.524,6.080,-413.446,40920547.000,3.582,0.000,
1789508096.608,8582.370,1420318884.000,nil,2.000,false,CHASE,ACTIVE,MOVING,false,1.000,0.000,true,11.241,-601.703,6.080,-413.196,40920547.000,3.132,0.000,
1789508096.875,8582.637,1420318884.000,nil,2.000,false,CHASE,ACTIVE,ARRIVED,false,1.000,0.000,false,0.000,-603.406,6.080,-413.001,40920547.000,3.761,0.000,
1789508097.142,8582.903,1420318884.000,nil,2.000,false,CHASE,ACTIVE,ARRIVED,false,1.000,0.000,false,0.000,-603.406,6.080,-413.001,40920547.000,3.761,0.000,
1789508097.408,8583.169,1420318884.000,nil,2.000,false,ATTACK,ACTIVE,ARRIVED,false,1.000,0.000,false,0.000,-603.406,6.080,-413.001,40920547.000,3.761,0.266,
1789508097.675,8583.437,1420318884.000,nil,2.000,false,ATTACK,ACTIVE,ARRIVED,false,1.000,0.000,false,0.000,-603.406,6.080,-413.001,40920547.000,3.761,0.533,
1789508097.941,8583.702,1420318884.000,nil,2.000,false,ATTACK,ACTIVE,ARRIVED,false,1.000,0.000,false,0.000,-603.406,6.080,-413.001,40920547.000,3.761,0.799,
1789508098.209,8583.970,1420318884.000,nil,2.000,false,ATTACK,ACTIVE,ARRIVED,false,1.000,0.000,false,0.000,-603.406,6.080,-413.001,40920547.000,3.761,1.067,
1789508098.474,8584.235,1420318884.000,nil,2.000,false,ATTACK,ACTIVE,ARRIVED,false,1.000,0.000,false,0.000,-603.406,6.080,-413.001,40920547.000,3.761,1.332,
1789508098.742,8584.503,1420318884.000,nil,2.000,false,CHASE,ACTIVE,MOVING,false,1.000,0.000,true,4.327,-603.081,6.080,-413.038,40920547.000,3.586,0.000,
1789508099.008,8584.769,1420318884.000,nil,2.000,false,CHASE,ACTIVE,MOVING,false,1.000,0.000,true,10.744,-601.027,6.080,-413.274,40920547.000,3.117,0.000,
1789508099.274,8585.036,1420318884.000,nil,2.000,false,CHASE,ACTIVE,ARRIVED,false,1.000,0.000,false,0.000,-599.340,6.080,-413.467,40920547.000,3.678,0.000,
1789508099.542,8585.303,1420318884.000,nil,2.000,false,CHASE,ACTIVE,ARRIVED,false,1.000,0.000,false,0.000,-599.340,6.080,-413.467,40920547.000,3.678,0.000,
1789508099.809,8585.570,1420318884.000,nil,2.000,false,ATTACK,ACTIVE,ARRIVED,false,1.000,0.000,false,0.000,-599.340,6.080,-413.467,40920547.000,3.678,0.267,
1789508100.075,8585.836,1420318884.000,nil,2.000,false,ATTACK,ACTIVE,ARRIVED,false,1.000,0.000,false,0.000,-599.340,6.080,-413.467,40920547.000,3.678,0.533,
1789508100.341,8586.103,1420318884.000,nil,2.000,false,ATTACK,ACTIVE,ARRIVED,false,1.000,0.000,false,0.000,-599.340,6.080,-413.467,40920547.000,3.678,0.800,
1789508100.607,8586.369,1420318884.000,nil,2.000,false,ATTACK,ACTIVE,ARRIVED,false,1.000,0.000,false,0.000,-599.340,6.080,-413.467,40920547.000,3.678,1.065,
1789508100.875,8586.637,1420318884.000,nil,2.000,false,ATTACK,ACTIVE,ARRIVED,false,1.000,0.000,false,0.000,-599.340,6.080,-413.467,40920547.000,3.678,1.333,
1789508101.143,8586.904,1420318884.000,nil,2.000,false,CHASE,ACTIVE,MOVING,false,1.000,0.000,true,4.405,-599.641,6.080,-413.438,40920547.000,3.522,0.000,
1789508101.408,8587.169,1420318884.000,nil,2.000,false,CHASE,ACTIVE,MOVING,false,1.000,0.000,true,10.738,-601.683,6.080,-413.243,40920547.000,3.098,0.000,
1789508101.676,8587.437,1420318884.000,nil,2.000,false,CHASE,ACTIVE,ARRIVED,false,1.000,0.000,false,0.000,-603.368,6.080,-413.082,40920547.000,3.691,0.000,
1789508101.943,8587.705,1420318884.000,nil,2.000,false,CHASE,ACTIVE,ARRIVED,false,1.000,0.000,false,0.000,-603.368,6.080,-413.082,40920547.000,3.691,0.000,
1789508102.208,8587.969,1420318884.000,nil,2.000,false,ATTACK,ACTIVE,ARRIVED,false,1.000,0.000,false,0.000,-603.368,6.080,-413.082,40920547.000,3.691,0.264,
1789508102.474,8588.235,1420318884.000,nil,2.000,false,ATTACK,ACTIVE,ARRIVED,false,1.000,0.000,false,0.000,-603.368,6.080,-413.082,40920547.000,3.691,0.531,
1789508102.742,8588.503,1420318884.000,nil,2.000,false,ATTACK,ACTIVE,ARRIVED,false,1.000,0.000,false,0.000,-603.368,6.080,-413.082,40920547.000,3.691,0.798,
1789508103.008,8588.770,1420318884.000,nil,2.000,false,ATTACK,ACTIVE,ARRIVED,false,1.000,0.000,false,0.000,-603.368,6.080,-413.082,40920547.000,3.691,1.065,
1789508103.274,8589.035,1420318884.000,nil,2.000,false,ATTACK,ACTIVE,ARRIVED,false,1.000,0.000,false,0.000,-603.368,6.080,-413.082,40920547.000,3.691,1.331,
1789508103.541,8589.302,1420318884.000,nil,2.000,false,CHASE,ACTIVE,MOVING,false,1.000,0.000,true,3.606,-603.133,6.080,-413.104,40920547.000,2.820,0.000,
1789508103.808,8589.569,1420318884.000,nil,2.000,false,CHASE,ACTIVE,MOVING,false,1.000,0.000,true,10.020,-601.267,6.080,-413.277,40920547.000,5.024,0.000,
1789508104.121,8589.882,1420318884.000,nil,2.000,false,CHASE,ACTIVE,MOVING,false,1.000,0.000,false,0.000,-599.205,6.080,-413.468,40920547.000,9.862,0.000,
1789508104.419,8590.180,1420318884.000,nil,2.000,false,CHASE,ACTIVE,MOVING,false,1.000,0.000,true,20.000,-599.992,6.080,-412.560,40920547.000,13.102,0.000,
1789508104.733,8590.494,1420318884.000,nil,2.000,false,ATTACK,ACTIVE,MOVING,false,1.000,0.000,false,0.000,-604.286,6.080,-407.612,40920547.000,11.525,0.000,
1789508105.023,8590.783,1420318884.000,nil,2.000,false,ATTACK,ACTIVE,MOVING,false,1.000,0.000,false,0.000,-604.286,6.080,-407.612,40920547.000,16.880,0.000,
1789508105.289,8591.050,1420318884.000,nil,2.000,false,ATTACK,ACTIVE,MOVING,false,1.000,0.000,false,0.000,-604.286,6.080,-407.612,40920547.000,20.471,0.267,
1789508105.597,8591.358,1420318884.000,nil,2.000,false,ATTACK,ACTIVE,MOVING,false,1.000,0.000,false,0.000,-604.286,6.080,-407.612,40920547.000,24.882,0.575,
1789508105.860,8591.621,1420318884.000,nil,2.000,false,ATTACK,ACTIVE,MOVING,false,1.000,0.000,false,0.000,-604.286,6.080,-407.612,40920547.000,29.212,0.837,
1789508106.172,8591.933,1420318884.000,nil,2.000,false,CHASE,ACTIVE,MOVING,true,0.000,0.000,false,0.000,-604.286,6.080,-407.612,40920547.000,33.632,1.150,
1789508106.427,8592.188,1420318884.000,nil,2.000,false,CHASE,ACTIVE,MOVING,false,1.000,0.000,true,13.386,-605.126,6.080,-405.758,40920547.000,34.774,0.000,
1789508106.732,8592.493,1420318884.000,nil,2.000,false,CHASE,ACTIVE,MOVING,false,1.000,0.000,true,17.979,-606.412,6.080,-402.923,40920547.000,35.640,0.000,
1789508106.991,8592.752,1420318884.000,nil,2.000,false,CHASE,ACTIVE,MOVING,false,2.000,0.000,true,20.001,-609.237,6.080,-396.686,40920547.000,33.511,0.000,
1789508107.306,8593.066,1420318884.000,nil,2.000,false,CHASE,ACTIVE,MOVING,false,2.000,0.000,true,20.000,-611.591,6.080,-391.394,40920547.000,32.368,0.000,
1789508107.588,8593.348,1420318884.000,nil,2.000,false,CHASE,ACTIVE,MOVING,false,2.000,0.000,true,20.001,-613.769,6.080,-386.507,40920547.000,31.005,0.000,
1789508107.876,8593.637,1420318884.000,nil,2.000,false,CHASE,ACTIVE,MOVING,false,2.000,0.000,true,20.000,-616.073,6.080,-381.300,40920547.000,29.637,0.000,
1789508108.162,8593.922,1420318884.000,nil,2.000,false,CHASE,ACTIVE,MOVING,false,2.000,0.000,true,20.000,-618.637,6.080,-375.450,40920547.000,27.993,0.000,
1789508108.455,8594.216,1420318884.000,nil,2.000,false,CHASE,ACTIVE,MOVING,false,2.000,0.000,true,20.000,-620.851,6.080,-370.399,40920547.000,26.604,0.000,
1789508108.754,8594.515,1420318884.000,nil,2.000,false,CHASE,ACTIVE,MOVING,true,2.000,0.000,true,20.000,-622.976,6.080,-365.551,40920547.000,25.980,0.000,
1789508109.049,8594.809,1420318884.000,nil,2.000,false,CHASE,ACTIVE,MOVING,false,2.000,0.000,true,20.001,-625.750,6.080,-359.177,40920547.000,23.991,0.000,
1789508109.332,8595.093,1420318884.000,nil,2.000,false,CHASE,ACTIVE,MOVING,false,2.000,0.000,true,20.000,-627.937,6.080,-354.130,40920547.000,22.901,0.000,
1789508109.669,8595.430,1420318884.000,nil,2.000,false,CHASE,ACTIVE,MOVING,true,2.000,0.000,true,20.000,-630.231,6.080,-348.838,40920547.000,21.363,0.000,
1789508109.936,8595.697,1420318884.000,nil,2.000,false,CHASE,ACTIVE,MOVING,false,2.000,0.000,true,20.001,-632.947,6.080,-342.550,40920547.000,19.241,0.000,
1789508110.211,8595.972,1420318884.000,nil,2.000,false,CHASE,ACTIVE,MOVING,false,2.000,0.000,true,20.000,-634.931,6.080,-337.957,40920547.000,18.473,0.000,
1789508110.500,8596.261,1420318884.000,nil,2.000,false,CHASE,ACTIVE,MOVING,true,2.000,0.000,true,19.476,-636.973,6.080,-333.232,40920547.000,17.441,0.000,
1789508110.762,8596.523,1420318884.000,nil,2.000,false,CHASE,ACTIVE,MOVING,false,1.000,0.000,true,20.000,-638.920,6.080,-328.667,40920547.000,16.756,0.000,
1789508111.061,8596.822,1420318884.000,nil,2.000,false,CHASE,ACTIVE,MOVING,false,1.000,0.000,true,20.000,-641.101,6.080,-323.554,40920547.000,15.755,0.000,
1789508111.317,8597.078,1420318884.000,nil,2.000,false,CHASE,ACTIVE,MOVING,false,1.000,0.000,true,20.000,-642.197,6.080,-320.076,40920547.000,16.593,0.000,
1789508111.628,8597.389,1420318884.000,nil,2.000,false,CHASE,ACTIVE,MOVING,false,1.000,0.000,true,20.000,-642.498,6.080,-314.905,40920547.000,15.763,0.000,
1789508111.898,8597.659,1420318884.000,nil,2.000,false,CHASE,ACTIVE,MOVING,false,1.000,0.000,true,20.000,-642.879,6.080,-308.347,40920547.000,14.089,0.000,
1789508112.204,8597.965,1420318884.000,nil,2.000,false,CHASE,ACTIVE,MOVING,false,1.000,0.000,true,20.000,-643.022,6.080,-304.575,40920547.000,14.973,0.000,
1789508112.478,8598.239,1420318884.000,nil,2.000,false,CHASE,ACTIVE,MOVING,false,1.000,0.000,true,19.999,-643.240,6.080,-298.602,40920547.000,13.426,0.000,
1789508112.774,8598.535,1420318884.000,nil,2.000,false,CHASE,ACTIVE,MOVING,true,1.000,0.000,false,0.000,-643.295,6.080,-297.092,40920547.000,16.142,0.000,
1789508113.076,8598.837,1420318884.000,nil,2.000,false,CHASE,ACTIVE,MOVING,false,1.000,0.000,true,20.000,-643.390,6.080,-294.503,40920547.000,18.288,0.000,
1789508113.341,8599.102,1420318884.000,nil,2.000,false,CHASE,ACTIVE,MOVING,false,1.000,0.000,true,20.000,-643.620,6.080,-288.243,40920547.000,16.452,0.000,
1789508113.650,8599.411,1420318884.000,nil,2.000,false,CHASE,ACTIVE,MOVING,true,1.000,0.000,true,20.000,-643.765,6.080,-284.289,40920547.000,16.362,0.000,
1789508113.939,8599.700,1420318884.000,nil,2.000,false,CHASE,ACTIVE,MOVING,false,1.000,0.000,true,20.000,-643.916,6.080,-280.148,40920547.000,16.999,0.000,
1789508114.236,8599.997,1420318884.000,nil,2.000,false,CHASE,ACTIVE,MOVING,false,1.000,0.000,true,20.000,-644.128,6.080,-274.374,40920547.000,11.598,0.000,
1789508114.490,8600.252,1420318884.000,nil,2.000,false,ATTACK,ACTIVE,MOVING,false,1.000,0.000,false,0.000,-644.174,6.080,-273.110,40920547.000,10.365,0.000,
1789508114.757,8600.518,1420318884.000,nil,2.000,false,ATTACK,ACTIVE,MOVING,false,1.000,0.000,false,0.000,-644.174,6.080,-273.110,40920547.000,10.365,0.000,
1789508115.024,8600.785,1420318884.000,nil,2.000,false,ATTACK,ACTIVE,MOVING,false,1.000,0.000,false,0.000,-644.174,6.080,-273.110,40920547.000,10.365,0.267,
1789508115.291,8601.053,1420318884.000,nil,2.000,false,ATTACK,ACTIVE,MOVING,false,1.000,0.000,false,0.000,-644.174,6.080,-273.110,40920547.000,10.365,0.534,
1789508115.560,8601.321,1420318884.000,nil,2.000,false,CHASE,ACTIVE,MOVING,true,0.000,0.000,false,0.000,-644.174,6.080,-273.110,40920547.000,10.365,0.803,
1789508115.824,8601.585,1420318884.000,nil,2.000,false,CHASE,ACTIVE,MOVING,false,1.000,0.000,true,8.425,-644.229,6.080,-271.664,40920547.000,8.967,0.000,
1789508116.091,8601.852,1420318884.000,nil,2.000,false,CHASE,ACTIVE,MOVING,false,1.000,0.000,true,14.802,-644.348,6.080,-268.528,40920547.000,6.012,0.000,
1789508116.357,8602.119,1420318884.000,nil,2.000,false,CHASE,ACTIVE,MOVING,false,1.000,0.000,true,20.000,-644.532,6.080,-263.703,40920547.000,2.555,0.000,
1789508116.625,8602.386,1420318884.000,nil,2.000,false,CHASE,ACTIVE,ARRIVED,false,1.000,0.000,false,0.000,-644.557,6.080,-263.051,40920547.000,2.471,0.000,
1789508116.892,8602.653,1420318884.000,nil,2.000,false,ATTACK,ACTIVE,ARRIVED,false,1.000,0.000,false,0.000,-644.557,6.080,-263.051,40920547.000,2.471,0.000,
1789508117.158,8602.919,1420318884.000,nil,2.000,false,ATTACK,ACTIVE,ARRIVED,false,1.000,0.000,false,0.000,-644.557,6.080,-263.051,40920547.000,2.471,0.266,
1789508117.424,8603.186,1420318884.000,nil,2.000,false,ATTACK,ACTIVE,ARRIVED,false,1.000,0.000,false,0.000,-644.557,6.080,-263.051,40920547.000,2.471,0.533,
1789508117.691,8603.452,1420318884.000,nil,2.000,false,ATTACK,ACTIVE,ARRIVED,false,1.000,0.000,false,0.000,-644.557,6.080,-263.051,40920547.000,2.471,0.799,
1789508117.957,8603.719,1420318884.000,nil,2.000,false,CHASE,ACTIVE,ARRIVED,false,0.000,0.000,false,0.000,-644.557,6.080,-263.051,40920547.000,2.471,1.066,
1789508118.224,8603.985,1420318884.000,nil,2.000,false,CHASE,ACTIVE,ARRIVED,false,0.000,0.000,false,0.000,-644.557,6.080,-263.051,40920547.000,2.471,1.333,
1789508118.491,8604.252,1420318884.000,nil,2.000,false,CHASE,ACTIVE,ARRIVED,false,0.000,0.000,false,0.000,-644.557,6.080,-263.051,40920547.000,2.471,1.600,
1789508118.757,8604.518,1420318884.000,nil,2.000,false,CHASE,ACTIVE,ARRIVED,false,0.000,0.000,false,0.000,-644.557,6.080,-263.051,40920547.000,2.471,1.866,
1789508119.026,8604.787,1420318884.000,nil,2.000,false,CHASE,ACTIVE,ARRIVED,false,0.000,0.000,false,0.000,-644.557,6.080,-263.051,40920547.000,2.471,2.134,
1789508119.291,8605.052,1420318884.000,nil,2.000,false,ATTACK,ACTIVE,ARRIVED,false,0.000,0.000,false,0.000,-644.557,6.080,-263.051,40920547.000,2.471,2.399,
1789508119.558,8605.319,1420318884.000,nil,2.000,false,ATTACK,ACTIVE,ARRIVED,false,0.000,0.000,false,0.000,-644.557,6.080,-263.051,40920547.000,2.471,2.666,
1789508119.824,8605.585,1420318884.000,nil,2.000,false,ATTACK,ACTIVE,ARRIVED,false,0.000,0.000,false,0.000,-644.557,6.080,-263.051,40920547.000,2.471,2.933,
1789508120.092,8605.853,1420318884.000,nil,2.000,false,ATTACK,ACTIVE,ARRIVED,false,0.000,0.000,false,0.000,-644.557,6.080,-263.051,40920547.000,2.471,3.200,
1789508120.358,8606.120,1420318884.000,nil,2.000,false,CHASE,ACTIVE,ARRIVED,false,0.000,0.000,false,0.000,-644.557,6.080,-263.051,40920547.000,2.471,3.467,
1789508120.623,8606.384,1420318884.000,nil,2.000,false,CHASE,ACTIVE,ARRIVED,false,0.000,0.000,false,0.000,-644.557,6.080,-263.051,40920547.000,2.471,3.732,
1789508120.891,8606.652,1420318884.000,nil,2.000,false,CHASE,ACTIVE,ARRIVED,false,0.000,0.000,false,0.000,-644.557,6.080,-263.051,40920547.000,2.471,3.999,
1789508121.157,8606.919,1420318884.000,nil,2.000,false,CHASE,ACTIVE,ARRIVED,false,0.000,0.000,false,0.000,-644.557,6.080,-263.051,40920547.000,2.471,4.266,
1789508121.424,8607.186,1420318884.000,nil,2.000,false,CHASE,ACTIVE,ARRIVED,false,0.000,0.000,false,0.000,-644.557,6.080,-263.051,40920547.000,2.471,4.533,
1789508121.690,8607.452,1420318884.000,nil,2.000,false,ATTACK,ACTIVE,ARRIVED,false,0.000,0.000,false,0.000,-644.557,6.080,-263.051,40920547.000,2.471,4.799,
1789508121.958,8607.719,1420318884.000,nil,2.000,false,ATTACK,ACTIVE,ARRIVED,false,0.000,0.000,false,0.000,-644.557,6.080,-263.051,40920547.000,2.471,5.066,
1789508122.224,8607.985,1420318884.000,nil,2.000,false,ATTACK,ACTIVE,ARRIVED,false,0.000,0.000,false,0.000,-644.557,6.080,-263.051,40920547.000,2.471,5.333,
1789508122.491,8608.252,1420318884.000,nil,2.000,false,ATTACK,ACTIVE,ARRIVED,false,0.000,0.000,false,0.000,-644.557,6.080,-263.051,40920547.000,2.471,5.599,
1789508122.757,8608.518,1420318884.000,nil,2.000,false,CHASE,ACTIVE,ARRIVED,false,0.000,0.000,false,0.000,-644.557,6.080,-263.051,40920547.000,2.471,5.866,
1789508123.025,8608.786,1420318884.000,nil,2.000,false,CHASE,ACTIVE,ARRIVED,false,0.000,0.000,false,0.000,-644.557,6.080,-263.051,40920547.000,2.471,6.133,
1789508123.290,8609.052,1420318884.000,nil,2.000,false,CHASE,ACTIVE,ARRIVED,false,0.000,0.000,false,0.000,-644.557,6.080,-263.051,40920547.000,2.471,6.399,
1789508123.557,8609.319,1420318884.000,nil,2.000,false,CHASE,ACTIVE,ARRIVED,false,0.000,0.000,false,0.000,-644.557,6.080,-263.051,40920547.000,2.471,6.666,
1789508123.824,8609.585,1420318884.000,nil,2.000,false,CHASE,ACTIVE,ARRIVED,false,0.000,0.000,false,0.000,-644.557,6.080,-263.051,40920547.000,2.471,6.932,
1789508124.090,8609.852,1420318884.000,nil,2.000,false,ATTACK,ACTIVE,ARRIVED,false,0.000,0.000,false,0.000,-644.557,6.080,-263.051,40920547.000,2.471,7.199,
1789508124.357,8610.119,1420318884.000,nil,2.000,false,ATTACK,ACTIVE,ARRIVED,false,0.000,0.000,false,0.000,-644.557,6.080,-263.051,40920547.000,2.471,7.466,
1789508124.624,8610.385,1420318884.000,nil,2.000,false,ATTACK,ACTIVE,ARRIVED,false,0.000,0.000,false,0.000,-644.557,6.080,-263.051,40920547.000,2.471,7.732,
1789508124.891,8610.653,1420318884.000,nil,2.000,false,ATTACK,ACTIVE,ARRIVED,false,0.000,0.000,false,0.000,-644.557,6.080,-263.051,40920547.000,2.471,7.999,
1789508125.157,8610.919,1420318884.000,nil,2.000,false,CHASE,ACTIVE,ARRIVED,false,0.000,0.000,false,0.000,-644.557,6.080,-263.051,40920547.000,2.471,8.266,
1789508125.423,8611.185,1420318884.000,nil,2.000,false,CHASE,ACTIVE,ARRIVED,false,0.000,0.000,false,0.000,-644.557,6.080,-263.051,40920547.000,2.471,8.532,
1789508125.691,8611.452,1420318884.000,nil,2.000,false,CHASE,ACTIVE,ARRIVED,false,0.000,0.000,false,0.000,-644.557,6.080,-263.051,40920547.000,2.471,8.799,
1789508125.957,8611.719,1420318884.000,nil,2.000,false,CHASE,ACTIVE,ARRIVED,false,0.000,0.000,false,0.000,-644.557,6.080,-263.051,40920547.000,2.471,9.066,
1789508126.224,8611.986,1420318884.000,nil,2.000,false,CHASE,ACTIVE,ARRIVED,false,0.000,0.000,false,0.000,-644.557,6.080,-263.051,40920547.000,2.471,9.333,
1789508126.490,8612.252,1420318884.000,nil,2.000,false,ATTACK,ACTIVE,ARRIVED,false,0.000,0.000,false,0.000,-644.557,6.080,-263.051,40920547.000,2.471,9.599,
1789508126.757,8612.519,1420318884.000,nil,2.000,false,ATTACK,ACTIVE,ARRIVED,false,0.000,0.000,false,0.000,-644.557,6.080,-263.051,40920547.000,2.471,9.866,
1789508127.024,8612.785,1420318884.000,nil,2.000,false,ATTACK,ACTIVE,ARRIVED,false,0.000,0.000,false,0.000,-644.557,6.080,-263.051,40920547.000,2.471,10.132,
1789508127.290,8613.051,1420318884.000,nil,2.000,false,ATTACK,ACTIVE,ARRIVED,false,0.000,0.000,false,0.000,-644.557,6.080,-263.051,40920547.000,2.471,10.398,
1789508127.558,8613.321,1420318884.000,nil,2.000,false,CHASE,ACTIVE,ARRIVED,false,0.000,0.000,false,0.000,-644.557,6.080,-263.051,40920547.000,2.471,10.667,
1789508127.824,8613.585,1420318884.000,nil,2.000,false,CHASE,ACTIVE,ARRIVED,false,0.000,0.000,false,0.000,-644.557,6.080,-263.051,40920547.000,2.471,10.932,
1789508128.090,8613.852,1420318884.000,nil,2.000,false,CHASE,ACTIVE,ARRIVED,false,0.000,0.000,false,0.000,-644.557,6.080,-263.051,40920547.000,2.471,11.199,
1789508128.358,8614.120,1420318884.000,nil,2.000,false,CHASE,ACTIVE,ARRIVED,false,0.000,0.000,false,0.000,-644.557,6.080,-263.051,40920547.000,2.471,11.467,
1789508128.623,8614.384,1420318884.000,nil,2.000,false,CHASE,ACTIVE,ARRIVED,false,0.000,0.000,false,0.000,-644.557,6.080,-263.051,40920547.000,2.471,11.732,
1789508128.889,8614.651,1420318884.000,nil,2.000,false,ATTACK,ACTIVE,ARRIVED,false,0.000,0.000,false,0.000,-644.557,6.080,-263.051,40920547.000,2.471,11.998,
1789508129.157,8614.918,1420318884.000,nil,2.000,false,ATTACK,ACTIVE,ARRIVED,false,0.000,0.000,false,0.000,-644.557,6.080,-263.051,40920547.000,2.471,12.266,
1789508129.423,8615.185,1420318884.000,nil,2.000,false,ATTACK,ACTIVE,ARRIVED,false,0.000,0.000,false,0.000,-644.557,6.080,-263.051,40920547.000,2.471,12.532,
1789508129.690,8615.452,1420318884.000,nil,2.000,false,ATTACK,ACTIVE,ARRIVED,false,0.000,0.000,false,0.000,-644.557,6.080,-263.051,40920547.000,2.471,12.799,
1789508129.957,8615.718,1420318884.000,nil,2.000,false,CHASE,ACTIVE,ARRIVED,false,0.000,0.000,false,0.000,-644.557,6.080,-263.051,40920547.000,2.471,13.065,
1789508130.224,8615.985,1420318884.000,nil,2.000,false,CHASE,ACTIVE,ARRIVED,false,0.000,0.000,false,0.000,-644.557,6.080,-263.051,40920547.000,2.471,13.332,
1789508130.491,8616.252,1420318884.000,nil,2.000,false,CHASE,ACTIVE,ARRIVED,false,0.000,0.000,false,0.000,-644.557,6.080,-263.051,40920547.000,2.471,13.599,
1789508130.757,8616.519,1420318884.000,nil,2.000,false,CHASE,ACTIVE,ARRIVED,false,0.000,0.000,false,0.000,-644.557,6.080,-263.051,40920547.000,2.471,13.866,
1789508131.023,8616.785,1420318884.000,nil,2.000,false,CHASE,ACTIVE,ARRIVED,false,0.000,0.000,false,0.000,-644.557,6.080,-263.051,40920547.000,2.471,14.132,
1789508131.289,8617.051,1420318884.000,nil,2.000,false,ATTACK,ACTIVE,ARRIVED,false,0.000,0.000,false,0.000,-644.557,6.080,-263.051,40920547.000,2.471,14.398,
1789508131.558,8617.319,1420318884.000,nil,2.000,false,ATTACK,ACTIVE,ARRIVED,false,0.000,0.000,false,0.000,-644.557,6.080,-263.051,40920547.000,2.471,14.666,
1789508131.824,8617.585,1420318884.000,nil,2.000,false,ATTACK,ACTIVE,ARRIVED,false,0.000,0.000,false,0.000,-644.557,6.080,-263.051,40920547.000,2.471,14.933,
1789508132.090,8617.852,1420318884.000,nil,2.000,false,ATTACK,ACTIVE,ARRIVED,false,0.000,0.000,false,0.000,-644.557,6.080,-263.051,40920547.000,2.471,15.199,
1789508132.357,8618.118,1420318884.000,nil,2.000,false,CHASE,ACTIVE,ARRIVED,false,0.000,0.000,false,0.000,-644.557,6.080,-263.051,40920547.000,2.471,15.465,
1789508132.624,8618.386,1420318884.000,nil,2.000,false,CHASE,ACTIVE,ARRIVED,false,0.000,0.000,false,0.000,-644.557,6.080,-263.051,40920547.000,2.471,15.733,
1789508132.889,8618.650,1420318884.000,nil,2.000,false,CHASE,ACTIVE,ARRIVED,false,0.000,0.000,false,0.000,-644.557,6.080,-263.051,40920547.000,2.471,15.998,
1789508133.156,8618.918,1420318884.000,nil,2.000,false,CHASE,ACTIVE,ARRIVED,false,0.000,0.000,false,0.000,-644.557,6.080,-263.051,40920547.000,2.471,16.265,
1789508133.424,8619.185,1420318884.000,nil,2.000,false,CHASE,ACTIVE,ARRIVED,false,0.000,0.000,false,0.000,-644.557,6.080,-263.051,40920547.000,2.471,16.533,
1789508133.690,8619.452,1420318884.000,nil,2.000,false,ATTACK,ACTIVE,ARRIVED,false,0.000,0.000,false,0.000,-644.557,6.080,-263.051,40920547.000,2.471,16.799,
1789508133.956,8619.717,1420318884.000,nil,2.000,false,ATTACK,ACTIVE,ARRIVED,false,0.000,0.000,false,0.000,-644.557,6.080,-263.051,40920547.000,2.471,17.064,
1789508134.223,8619.985,1420318884.000,nil,2.000,false,ATTACK,ACTIVE,ARRIVED,false,0.000,0.000,false,0.000,-644.557,6.080,-263.051,40920547.000,2.471,17.332,
1789508134.491,8620.252,1420318884.000,nil,2.000,false,ATTACK,ACTIVE,ARRIVED,false,0.000,0.000,false,0.000,-644.557,6.080,-263.051,40920547.000,2.471,17.599,
1789508134.757,8620.519,1420318884.000,nil,2.000,false,CHASE,ACTIVE,ARRIVED,false,0.000,0.000,false,0.000,-644.557,6.080,-263.051,40920547.000,2.471,17.866,
1789508135.024,8620.786,1420318884.000,nil,2.000,false,CHASE,ACTIVE,ARRIVED,false,0.000,0.000,false,0.000,-644.557,6.080,-263.051,40920547.000,2.471,18.133,
1789508135.290,8621.052,1420318884.000,nil,2.000,false,CHASE,ACTIVE,ARRIVED,false,0.000,0.000,false,0.000,-644.557,6.080,-263.051,40920547.000,2.471,18.399,
1789508135.557,8621.318,1420318884.000,nil,2.000,false,CHASE,ACTIVE,ARRIVED,false,0.000,0.000,false,0.000,-644.557,6.080,-263.051,40920547.000,2.471,18.665,
1789508135.823,8621.584,1420318884.000,nil,2.000,false,CHASE,ACTIVE,ARRIVED,false,0.000,0.000,false,0.000,-644.557,6.080,-263.051,40920547.000,2.471,18.932,
1789508136.090,8621.852,1420318884.000,nil,2.000,false,ATTACK,ACTIVE,ARRIVED,false,0.000,0.000,false,0.000,-644.557,6.080,-263.051,40920547.000,2.471,19.199,
1789508136.357,8622.118,1420318884.000,nil,2.000,false,ATTACK,ACTIVE,ARRIVED,false,0.000,0.000,false,0.000,-644.557,6.080,-263.051,40920547.000,2.471,19.465,
1789508136.624,8622.385,1420318884.000,nil,2.000,false,ATTACK,ACTIVE,ARRIVED,false,0.000,0.000,false,0.000,-644.557,6.080,-263.051,40920547.000,2.471,19.733,
1789508136.891,8622.652,1420318884.000,nil,2.000,false,ATTACK,ACTIVE,ARRIVED,false,0.000,0.000,false,0.000,-644.557,6.080,-263.051,40920547.000,2.471,19.999,
1789508137.156,8622.917,1420318884.000,nil,2.000,false,CHASE,ACTIVE,ARRIVED,false,0.000,0.000,false,0.000,-644.557,6.080,-263.051,40920547.000,2.471,20.265,
1789508137.424,8623.186,1420318884.000,nil,2.000,false,CHASE,ACTIVE,ARRIVED,false,0.000,0.000,false,0.000,-644.557,6.080,-263.051,40920547.000,2.471,20.533,
1789508137.690,8623.451,1420318884.000,nil,2.000,false,CHASE,ACTIVE,ARRIVED,false,0.000,0.000,false,0.000,-644.557,6.080,-263.051,40920547.000,2.471,20.799,
1789508137.956,8623.717,1420318884.000,nil,2.000,false,CHASE,ACTIVE,ARRIVED,false,0.000,0.000,false,0.000,-644.557,6.080,-263.051,40920547.000,2.471,21.064,
1789508138.223,8623.985,1420318884.000,nil,2.000,false,CHASE,ACTIVE,ARRIVED,false,0.000,0.000,false,0.000,-644.557,6.080,-263.051,40920547.000,2.471,21.332,
1789508138.490,8624.251,1420318884.000,nil,2.000,false,ATTACK,ACTIVE,ARRIVED,false,0.000,0.000,false,0.000,-644.557,6.080,-263.051,40920547.000,2.471,21.598,
1789508138.756,8624.517,1420318884.000,nil,2.000,false,ATTACK,ACTIVE,ARRIVED,false,0.000,0.000,false,0.000,-644.557,6.080,-263.051,40920547.000,2.471,21.864,
1789508139.024,8624.785,1420318884.000,nil,2.000,false,ATTACK,ACTIVE,ARRIVED,false,0.000,0.000,false,0.000,-644.557,6.080,-263.051,40920547.000,2.471,22.132,
1789508139.289,8625.051,1420318884.000,nil,2.000,false,ATTACK,ACTIVE,ARRIVED,false,0.000,0.000,false,0.000,-644.557,6.080,-263.051,40920547.000,2.471,22.398,
1789508139.556,8625.317,1420318884.000,nil,2.000,false,ATTACK,ACTIVE,ARRIVED,false,0.000,0.000,false,0.000,-644.557,6.080,-263.051,40920547.000,2.471,22.664,
1789508139.823,8625.585,1420318884.000,nil,2.000,false,CHASE,ACTIVE,ARRIVED,false,0.000,0.000,false,0.000,-644.557,6.080,-263.051,40920547.000,2.471,22.932,
1789508140.090,8625.851,1420318884.000,nil,2.000,false,CHASE,ACTIVE,ARRIVED,false,0.000,0.000,false,0.000,-644.557,6.080,-263.051,40920547.000,2.471,23.198,
1789508140.357,8626.118,1420318884.000,nil,2.000,false,CHASE,ACTIVE,ARRIVED,false,0.000,0.000,false,0.000,-644.557,6.080,-263.051,40920547.000,2.471,23.465,
1789508140.623,8626.384,1420318884.000,nil,2.000,false,CHASE,ACTIVE,ARRIVED,false,0.000,0.000,false,0.000,-644.557,6.080,-263.051,40920547.000,2.471,23.731,
1789508140.890,8626.652,1420318884.000,nil,2.000,false,ATTACK,ACTIVE,ARRIVED,false,0.000,0.000,false,0.000,-644.557,6.080,-263.051,40920547.000,2.471,23.999,
1789508141.157,8626.918,1420318884.000,nil,2.000,false,ATTACK,ACTIVE,ARRIVED,false,0.000,0.000,false,0.000,-644.557,6.080,-263.051,40920547.000,2.471,24.265,
1789508141.423,8627.184,1420318884.000,nil,2.000,false,ATTACK,ACTIVE,ARRIVED,false,0.000,0.000,false,0.000,-644.557,6.080,-263.051,40920547.000,2.471,24.532,
1789508141.689,8627.451,1420318884.000,nil,2.000,false,ATTACK,ACTIVE,ARRIVED,false,0.000,0.000,false,0.000,-644.557,6.080,-263.051,40920547.000,2.471,24.798,
1789508141.956,8627.718,1420318884.000,nil,2.000,false,ATTACK,ACTIVE,ARRIVED,false,0.000,0.000,false,0.000,-644.557,6.080,-263.051,40920547.000,2.471,25.065,
1789508142.224,8627.985,1420318884.000,nil,2.000,false,CHASE,ACTIVE,ARRIVED,false,0.000,0.000,false,0.000,-644.557,6.080,-263.051,40920547.000,2.471,25.332,
1789508142.490,8628.252,1420318884.000,nil,2.000,false,CHASE,ACTIVE,ARRIVED,false,0.000,0.000,false,0.000,-644.557,6.080,-263.051,40920547.000,2.471,25.599,
1789508142.757,8628.518,1420318884.000,nil,2.000,false,CHASE,ACTIVE,ARRIVED,false,0.000,0.000,false,0.000,-644.557,6.080,-263.051,40920547.000,2.471,25.865,
1789508143.024,8628.786,1420318884.000,nil,2.000,false,CHASE,ACTIVE,ARRIVED,false,0.000,0.000,false,0.000,-644.557,6.080,-263.051,40920547.000,2.471,26.133,
1789508143.290,8629.052,1420318884.000,nil,2.000,false,ATTACK,ACTIVE,ARRIVED,false,0.000,0.000,false,0.000,-644.557,6.080,-263.051,40920547.000,2.471,26.398,
1789508143.556,8629.318,1420318884.000,nil,2.000,false,ATTACK,ACTIVE,ARRIVED,false,0.000,0.000,false,0.000,-644.557,6.080,-263.051,40920547.000,2.471,26.665,
1789508143.824,8629.585,1420318884.000,nil,2.000,false,ATTACK,ACTIVE,ARRIVED,false,0.000,0.000,false,0.000,-644.557,6.080,-263.051,40920547.000,2.471,26.932,
1789508144.091,8629.852,1420318884.000,nil,2.000,false,ATTACK,ACTIVE,ARRIVED,false,0.000,0.000,false,0.000,-644.557,6.080,-263.051,40920547.000,2.471,27.199,
1789508144.356,8630.118,1420318884.000,nil,2.000,false,ATTACK,ACTIVE,ARRIVED,false,0.000,0.000,false,0.000,-644.557,6.080,-263.051,40920547.000,2.471,27.465,
1789508144.623,8630.384,1420318884.000,nil,2.000,false,CHASE,ACTIVE,ARRIVED,false,0.000,0.000,false,0.000,-644.557,6.080,-263.051,40920547.000,2.471,27.732,
1789508144.890,8630.651,1420318884.000,nil,2.000,false,CHASE,ACTIVE,ARRIVED,false,0.000,0.000,false,0.000,-644.557,6.080,-263.051,40920547.000,2.471,27.998,
1789508145.165,8630.926,1420318884.000,nil,2.000,false,IDLE,ACTIVE,ARRIVED,false,0.000,0.000,false,0.000,-644.557,6.080,-263.051,0.000,-1.000,0.000,
1789508145.483,8631.244,1420318884.000,nil,2.000,false,IDLE,ACTIVE,ARRIVED,false,0.000,0.000,false,0.000,-644.557,6.080,-263.051,0.000,-1.000,0.000,
1789508145.815,8631.576,1420318884.000,nil,2.000,false,IDLE,ACTIVE,ARRIVED,false,0.000,0.000,false,0.000,-644.557,6.080,-263.051,0.000,-1.000,0.000,
1789508146.088,8631.849,1420318884.000,nil,2.000,false,IDLE,ACTIVE,ARRIVED,false,0.000,0.000,false,0.000,-644.557,6.080,-263.051,0.000,-1.000,0.000,
1789508146.356,8632.118,1420318884.000,nil,2.000,false,IDLE,ACTIVE,ARRIVED,false,0.000,0.000,false,0.000,-644.557,6.080,-263.051,0.000,-1.000,0.000,
1789508146.622,8632.384,1420318884.000,nil,2.000,false,IDLE,ACTIVE,ARRIVED,false,0.000,0.000,false,0.000,-644.557,6.080,-263.051,0.000,-1.000,0.000,
1789508146.889,8632.651,1420318884.000,nil,2.000,false,IDLE,ACTIVE,ARRIVED,false,0.000,0.000,false,0.000,-644.557,6.080,-263.051,0.000,-1.000,0.000,
1789508147.156,8632.918,1420318884.000,nil,2.000,false,IDLE,ACTIVE,ARRIVED,false,0.000,0.000,false,0.000,-644.557,6.080,-263.051,0.000,-1.000,0.000,
1789508147.424,8633.185,1420318884.000,nil,2.000,false,IDLE,ACTIVE,ARRIVED,false,0.000,0.000,false,0.000,-644.557,6.080,-263.051,0.000,-1.000,0.000,
1789508147.689,8633.451,1420318884.000,nil,2.000,false,IDLE,ACTIVE,ARRIVED,false,0.000,0.000,false,0.000,-644.557,6.080,-263.051,0.000,-1.000,0.000,
1789508147.956,8633.718,1420318884.000,nil,2.000,false,IDLE,ACTIVE,ARRIVED,false,0.000,0.000,false,0.000,-644.557,6.080,-263.051,0.000,-1.000,0.000,
1789508148.223,8633.984,1420318884.000,nil,2.000,false,IDLE,ACTIVE,ARRIVED,false,0.000,0.000,false,0.000,-644.557,6.080,-263.051,0.000,-1.000,0.000,
1789508148.490,8634.251,1420318884.000,nil,2.000,false,IDLE,ACTIVE,ARRIVED,false,0.000,0.000,false,0.000,-644.557,6.080,-263.051,0.000,-1.000,0.000,
1789508148.757,8634.518,1420318884.000,nil,2.000,false,IDLE,ACTIVE,ARRIVED,false,0.000,0.000,false,0.000,-644.557,6.080,-263.051,0.000,-1.000,0.000,
1789508149.024,8634.785,1420318884.000,nil,2.000,false,IDLE,ACTIVE,ARRIVED,false,0.000,0.000,false,0.000,-644.557,6.080,-263.051,0.000,-1.000,0.000,
1789508149.290,8635.052,1420318884.000,nil,2.000,false,IDLE,ACTIVE,ARRIVED,false,0.000,0.000,false,0.000,-644.557,6.080,-263.051,0.000,-1.000,0.000,
1789508149.557,8635.319,1420318884.000,nil,2.000,false,IDLE,ACTIVE,ARRIVED,false,0.000,0.000,false,0.000,-644.557,6.080,-263.051,0.000,-1.000,0.000,
1789508149.823,8635.585,1420318884.000,nil,2.000,false,IDLE,ACTIVE,ARRIVED,false,0.000,0.000,false,0.000,-644.557,6.080,-263.051,0.000,-1.000,0.000,
1789508150.090,8635.851,1420318884.000,nil,2.000,false,IDLE,ACTIVE,ARRIVED,false,0.000,0.000,false,0.000,-644.557,6.080,-263.051,0.000,-1.000,0.000,
1789508150.356,8636.118,1420318884.000,nil,2.000,false,IDLE,ACTIVE,ARRIVED,false,0.000,0.000,false,0.000,-644.557,6.080,-263.051,0.000,-1.000,0.000,
1789508150.623,8636.384,1420318884.000,nil,2.000,false,IDLE,ACTIVE,ARRIVED,false,0.000,0.000,false,0.000,-644.557,6.080,-263.051,0.000,-1.000,0.000,
1789508150.889,8636.650,1420318884.000,nil,2.000,false,IDLE,ACTIVE,ARRIVED,false,0.000,0.000,false,0.000,-644.557,6.080,-263.051,0.000,-1.000,0.000,
1789508151.156,8636.917,1420318884.000,nil,2.000,false,IDLE,ACTIVE,ARRIVED,false,0.000,0.000,false,0.000,-644.557,6.080,-263.051,0.000,-1.000,0.000,
1789508151.424,8637.185,1420318884.000,nil,2.000,false,IDLE,ACTIVE,ARRIVED,false,0.000,0.000,false,0.000,-644.557,6.080,-263.051,0.000,-1.000,0.000,
1789508151.690,8637.451,1420318884.000,nil,2.000,false,IDLE,ACTIVE,ARRIVED,false,0.000,0.000,false,0.000,-644.557,6.080,-263.051,0.000,-1.000,0.000,
1789508151.956,8637.718,1420318884.000,nil,2.000,false,IDLE,ACTIVE,ARRIVED,false,0.000,0.000,false,0.000,-644.557,6.080,-263.051,0.000,-1.000,0.000,
1789508152.223,8637.984,1420318884.000,nil,2.000,false,IDLE,ACTIVE,ARRIVED,false,0.000,0.000,false,0.000,-644.557,6.080,-263.051,0.000,-1.000,0.000,
1789508152.489,8638.251,1420318884.000,nil,2.000,false,IDLE,ACTIVE,ARRIVED,false,0.000,0.000,false,0.000,-644.557,6.080,-263.051,0.000,-1.000,0.000,
1789508152.757,8638.518,1420318884.000,nil,2.000,false,IDLE,ACTIVE,ARRIVED,false,0.000,0.000,false,0.000,-644.557,6.080,-263.051,0.000,-1.000,0.000,
1789508153.022,8638.783,1420318884.000,nil,2.000,false,IDLE,ACTIVE,ARRIVED,false,0.000,0.000,false,0.000,-644.557,6.080,-263.051,0.000,-1.000,0.000,
1789508153.289,8639.050,1420318884.000,nil,2.000,false,IDLE,ACTIVE,ARRIVED,false,0.000,0.000,false,0.000,-644.557,6.080,-263.051,0.000,-1.000,0.000,
1789508153.556,8639.318,1420318884.000,nil,2.000,false,IDLE,ACTIVE,ARRIVED,false,0.000,0.000,false,0.000,-644.557,6.080,-263.051,0.000,-1.000,0.000,
1789508153.823,8639.584,1420318884.000,nil,2.000,false,IDLE,ACTIVE,ARRIVED,false,0.000,0.000,false,0.000,-644.557,6.080,-263.051,0.000,-1.000,0.000,
1789508154.090,8639.851,1420318884.000,nil,2.000,false,IDLE,ACTIVE,ARRIVED,false,0.000,0.000,false,0.000,-644.557,6.080,-263.051,0.000,-1.000,0.000,
1789508154.357,8640.118,1420318884.000,nil,2.000,false,IDLE,ACTIVE,ARRIVED,false,0.000,0.000,false,0.000,-644.557,6.080,-263.051,0.000,-1.000,0.000,
1789508154.623,8640.384,1420318884.000,nil,2.000,false,IDLE,ACTIVE,ARRIVED,false,0.000,0.000,false,0.000,-644.557,6.080,-263.051,0.000,-1.000,0.000,
1789508154.890,8640.651,1420318884.000,nil,2.000,false,IDLE,ACTIVE,ARRIVED,false,0.000,0.000,false,0.000,-644.557,6.080,-263.051,0.000,-1.000,0.000,
1789508155.157,8640.919,1420318884.000,nil,2.000,false,IDLE,ACTIVE,ARRIVED,false,0.000,0.000,false,0.000,-644.557,6.080,-263.051,0.000,-1.000,0.000,
1789508155.423,8641.185,1420318884.000,nil,2.000,false,IDLE,ACTIVE,ARRIVED,false,0.000,0.000,false,0.000,-644.557,6.080,-263.051,0.000,-1.000,0.000,
1789508155.689,8641.450,1420318884.000,nil,2.000,false,IDLE,ACTIVE,ARRIVED,false,0.000,0.000,false,0.000,-644.557,6.080,-263.051,0.000,-1.000,0.000,
1789508155.956,8641.717,1420318884.000,nil,2.000,false,IDLE,ACTIVE,ARRIVED,false,0.000,0.000,false,0.000,-644.557,6.080,-263.051,0.000,-1.000,0.000,
1789508156.222,8641.984,1420318884.000,nil,2.000,false,IDLE,ACTIVE,ARRIVED,false,0.000,0.000,false,0.000,-644.557,6.080,-263.051,0.000,-1.000,0.000,
1789508156.489,8642.250,1420318884.000,nil,2.000,false,IDLE,ACTIVE,ARRIVED,false,0.000,0.000,false,0.000,-644.557,6.080,-263.051,0.000,-1.000,0.000,
1789508156.755,8642.517,1420318884.000,nil,2.000,false,IDLE,ACTIVE,ARRIVED,false,0.000,0.000,false,0.000,-644.557,6.080,-263.051,0.000,-1.000,0.000,
1789508157.022,8642.783,1420318884.000,nil,2.000,false,IDLE,ACTIVE,ARRIVED,false,0.000,0.000,false,0.000,-644.557,6.080,-263.051,0.000,-1.000,0.000,
1789508157.290,8643.052,1420318884.000,nil,2.000,false,IDLE,ACTIVE,ARRIVED,false,0.000,0.000,false,0.000,-644.557,6.080,-263.051,0.000,-1.000,0.000,
1789508157.555,8643.317,1420318884.000,nil,2.000,false,IDLE,ACTIVE,ARRIVED,false,0.000,0.000,false,0.000,-644.557,6.080,-263.051,0.000,-1.000,0.000,
1789508157.823,8643.585,1420318884.000,nil,2.000,false,IDLE,ACTIVE,ARRIVED,false,0.000,0.000,false,0.000,-644.557,6.080,-263.051,0.000,-1.000,0.000,
1789508158.090,8643.851,1420318884.000,nil,2.000,false,IDLE,ACTIVE,ARRIVED,false,0.000,0.000,false,0.000,-644.557,6.080,-263.051,0.000,-1.000,0.000,
1789508158.357,8644.118,1420318884.000,nil,2.000,false,IDLE,ACTIVE,ARRIVED,false,0.000,0.000,false,0.000,-644.557,6.080,-263.051,0.000,-1.000,0.000,
1789508158.622,8644.384,1420318884.000,nil,2.000,false,IDLE,ACTIVE,ARRIVED,false,0.000,0.000,false,0.000,-644.557,6.080,-263.051,0.000,-1.000,0.000,
1789508158.890,8644.651,1420318884.000,nil,2.000,false,IDLE,ACTIVE,ARRIVED,false,0.000,0.000,false,0.000,-644.557,6.080,-263.051,0.000,-1.000,0.000,
1789508159.156,8644.917,1420318884.000,nil,2.000,false,IDLE,ACTIVE,ARRIVED,false,0.000,0.000,false,0.000,-644.557,6.080,-263.051,0.000,-1.000,0.000,
1789508159.423,8645.184,1420318884.000,nil,2.000,false,IDLE,ACTIVE,ARRIVED,false,0.000,0.000,false,0.000,-644.557,6.080,-263.051,0.000,-1.000,0.000,
1789508159.690,8645.451,1420318884.000,nil,2.000,false,IDLE,ACTIVE,ARRIVED,false,0.000,0.000,false,0.000,-644.557,6.080,-263.051,0.000,-1.000,0.000,
1789508159.956,8645.717,1420318884.000,nil,2.000,false,IDLE,ACTIVE,ARRIVED,false,0.000,0.000,false,0.000,-644.557,6.080,-263.051,0.000,-1.000,0.000,
1789508160.222,8645.983,1420318884.000,nil,2.000,false,IDLE,ACTIVE,ARRIVED,false,0.000,0.000,false,0.000,-644.557,6.080,-263.051,0.000,-1.000,0.000,
1789508160.488,8646.250,1420318884.000,nil,2.000,false,IDLE,ACTIVE,ARRIVED,false,0.000,0.000,false,0.000,-644.557,6.080,-263.051,0.000,-1.000,0.000,
1789508160.755,8646.516,1420318884.000,nil,2.000,false,IDLE,ACTIVE,ARRIVED,false,0.000,0.000,false,0.000,-644.557,6.080,-263.051,0.000,-1.000,0.000,
1789508161.022,8646.784,1420318884.000,nil,2.000,false,DORMANT,ACTIVE,ARRIVED,false,0.000,0.000,false,0.000,-644.557,6.080,-263.051,0.000,-1.000,0.000,
1789508161.289,8647.050,1420318884.000,nil,2.000,false,DORMANT,ACTIVE,ARRIVED,false,0.000,0.000,false,0.000,-644.557,6.080,-263.051,0.000,-1.000,0.000,
1789508161.555,8647.317,1420318884.000,nil,2.000,false,DORMANT,ACTIVE,ARRIVED,false,0.000,0.000,false,0.000,-644.557,6.080,-263.051,0.000,-1.000,0.000,
1789508161.822,8647.584,1420318884.000,nil,2.000,false,DORMANT,ACTIVE,ARRIVED,false,0.000,0.000,false,0.000,-644.557,6.080,-263.051,0.000,-1.000,0.000,
1789508162.090,8647.851,1420318884.000,nil,2.000,false,DORMANT,ACTIVE,ARRIVED,false,0.000,0.000,false,0.000,-644.557,6.080,-263.051,0.000,-1.000,0.000,
1789508162.356,8648.117,1420318884.000,nil,2.000,false,DORMANT,ACTIVE,ARRIVED,false,0.000,0.000,false,0.000,-644.557,6.080,-263.051,0.000,-1.000,0.000,
1789508162.622,8648.384,1420318884.000,nil,2.000,false,DORMANT,ACTIVE,ARRIVED,false,0.000,0.000,false,0.000,-644.557,6.080,-263.051,0.000,-1.000,0.000,
1789508162.889,8648.651,1420318884.000,nil,2.000,false,DORMANT,ACTIVE,ARRIVED,false,0.000,0.000,false,0.000,-644.557,6.080,-263.051,0.000,-1.000,0.000,
1789508163.155,8648.917,1420318884.000,nil,2.000,false,DORMANT,ACTIVE,ARRIVED,false,0.000,0.000,false,0.000,-644.557,6.080,-263.051,0.000,-1.000,0.000,
1789508163.422,8649.184,1420318884.000,nil,2.000,false,DORMANT,ACTIVE,ARRIVED,false,0.000,0.000,false,0.000,-644.557,6.080,-263.051,0.000,-1.000,0.000,
1789508163.689,8649.451,1420318884.000,nil,2.000,false,DORMANT,ACTIVE,ARRIVED,false,0.000,0.000,false,0.000,-644.557,6.080,-263.051,0.000,-1.000,0.000,
1789508163.955,8649.716,1420318884.000,nil,2.000,false,DORMANT,ACTIVE,ARRIVED,false,0.000,0.000,false,0.000,-644.557,6.080,-263.051,0.000,-1.000,0.000,
1789508164.222,8649.984,1420318884.000,nil,2.000,false,DORMANT,ACTIVE,ARRIVED,false,0.000,0.000,false,0.000,-644.557,6.080,-263.051,0.000,-1.000,0.000,
1789508164.489,8650.251,1420318884.000,nil,2.000,false,DORMANT,ACTIVE,ARRIVED,false,0.000,0.000,false,0.000,-644.557,6.080,-263.051,0.000,-1.000,0.000,
1789508164.756,8650.518,1420318884.000,nil,2.000,false,DORMANT,ACTIVE,ARRIVED,false,0.000,0.000,false,0.000,-644.557,6.080,-263.051,0.000,-1.000,0.000,
1789508165.023,8650.784,1420318884.000,nil,2.000,false,DORMANT,ACTIVE,ARRIVED,false,0.000,0.000,false,0.000,-644.557,6.080,-263.051,0.000,-1.000,0.000,
1789508165.289,8651.050,1420318884.000,nil,2.000,false,DORMANT,ACTIVE,ARRIVED,false,0.000,0.000,false,0.000,-644.557,6.080,-263.051,0.000,-1.000,0.000,
1789508165.556,8651.317,1420318884.000,nil,2.000,false,DORMANT,ACTIVE,ARRIVED,false,0.000,0.000,false,0.000,-644.557,6.080,-263.051,0.000,-1.000,0.000,
1789508165.822,8651.583,1420318884.000,nil,2.000,false,DORMANT,ACTIVE,ARRIVED,false,0.000,0.000,false,0.000,-644.557,6.080,-263.051,0.000,-1.000,0.000,
1789508166.089,8651.850,1420318884.000,nil,2.000,false,DORMANT,ACTIVE,ARRIVED,false,0.000,0.000,false,0.000,-644.557,6.080,-263.051,0.000,-1.000,0.000,
1789508166.355,8652.117,1420318884.000,nil,2.000,false,DORMANT,ACTIVE,ARRIVED,false,0.000,0.000,false,0.000,-644.557,6.080,-263.051,0.000,-1.000,0.000,
1789508166.946,8652.705,1420318884.000,nil,0.000,false,IDLE,DORMANT,IDLE,false,0.000,0.000,false,0.000,0.000,0.000,0.000,0.000,-1.000,0.000,
1789508167.205,8652.964,1420318884.000,nil,0.000,false,IDLE,DORMANT,IDLE,false,0.000,0.000,false,0.000,0.000,0.000,0.000,0.000,-1.000,0.000,
1789508167.471,8653.230,1420318884.000,nil,0.000,false,IDLE,DORMANT,IDLE,false,0.000,0.000,false,0.000,0.000,0.000,0.000,0.000,-1.000,0.000,
1789508167.738,8653.497,1420318884.000,nil,0.000,false,IDLE,DORMANT,IDLE,false,0.000,0.000,false,0.000,0.000,0.000,0.000,0.000,-1.000,0.000,
1789508168.005,8653.764,1420318884.000,nil,0.000,false,IDLE,DORMANT,IDLE,false,0.000,0.000,false,0.000,0.000,0.000,0.000,0.000,-1.000,0.000,
1789508168.273,8654.032,1420318884.000,nil,0.000,false,IDLE,DORMANT,IDLE,false,0.000,0.000,false,0.000,0.000,0.000,0.000,0.000,-1.000,0.000,
1789508168.539,8654.298,1420318884.000,nil,0.000,false,IDLE,DORMANT,IDLE,false,0.000,0.000,false,0.000,0.000,0.000,0.000,0.000,-1.000,0.000,
1789508168.805,8654.564,1420318884.000,nil,0.000,false,IDLE,DORMANT,IDLE,false,0.000,0.000,false,0.000,0.000,0.000,0.000,0.000,-1.000,0.000,
1789508169.071,8654.830,1420318884.000,nil,0.000,false,IDLE,DORMANT,IDLE,false,0.000,0.000,false,0.000,0.000,0.000,0.000,0.000,-1.000,0.000,
1789508169.340,8655.099,1420318884.000,nil,0.000,false,IDLE,DORMANT,IDLE,false,0.000,0.000,false,0.000,0.000,0.000,0.000,0.000,-1.000,0.000,
1789508169.605,8655.364,1420318884.000,nil,0.000,false,IDLE,DORMANT,IDLE,false,0.000,0.000,false,0.000,0.000,0.000,0.000,0.000,-1.000,0.000,
1789508169.873,8655.632,1420318884.000,nil,0.000,false,IDLE,DORMANT,IDLE,false,0.000,0.000,false,0.000,0.000,0.000,0.000,0.000,-1.000,0.000,
1789508170.138,8655.897,1420318884.000,nil,0.000,false,IDLE,DORMANT,IDLE,false,0.000,0.000,false,0.000,0.000,0.000,0.000,0.000,-1.000,0.000,
1789508170.406,8656.165,1420318884.000,nil,0.000,false,IDLE,DORMANT,IDLE,false,0.000,0.000,false,0.000,0.000,0.000,0.000,0.000,-1.000,0.000,
1789508170.672,8656.431,1420318884.000,nil,0.000,false,IDLE,DORMANT,IDLE,false,0.000,0.000,false,0.000,0.000,0.000,0.000,0.000,-1.000,0.000,
1789508170.939,8656.699,1420318884.000,nil,0.000,false,IDLE,DORMANT,IDLE,false,0.000,0.000,false,0.000,0.000,0.000,0.000,0.000,-1.000,0.000,
1789508171.205,8656.965,1420318884.000,nil,0.000,false,IDLE,DORMANT,IDLE,false,0.000,0.000,false,0.000,0.000,0.000,0.000,0.000,-1.000,0.000,
1789508171.473,8657.232,1420318884.000,nil,0.000,false,IDLE,DORMANT,IDLE,false,0.000,0.000,false,0.000,0.000,0.000,0.000,0.000,-1.000,0.000,
1789508171.738,8657.498,1420318884.000,nil,0.000,false,IDLE,DORMANT,IDLE,false,0.000,0.000,false,0.000,0.000,0.000,0.000,0.000,-1.000,0.000,
1789508172.005,8657.765,1420318884.000,nil,0.000,false,IDLE,DORMANT,IDLE,false,0.000,0.000,false,0.000,0.000,0.000,0.000,0.000,-1.000,0.000,
1789508172.272,8658.031,1420318884.000,nil,0.000,false,IDLE,DORMANT,IDLE,false,0.000,0.000,false,0.000,0.000,0.000,0.000,0.000,-1.000,0.000,
1789508172.538,8658.298,1420318884.000,nil,0.000,false,IDLE,DORMANT,IDLE,false,0.000,0.000,false,0.000,0.000,0.000,0.000,0.000,-1.000,0.000,
1789508172.805,8658.564,1420318884.000,nil,0.000,false,IDLE,DORMANT,IDLE,false,0.000,0.000,false,0.000,0.000,0.000,0.000,0.000,-1.000,0.000,
1789508173.072,8658.831,1420318884.000,nil,0.000,false,IDLE,DORMANT,IDLE,false,0.000,0.000,false,0.000,0.000,0.000,0.000,0.000,-1.000,0.000,
1789508173.338,8659.098,1420318884.000,nil,0.000,false,IDLE,DORMANT,IDLE,false,0.000,0.000,false,0.000,0.000,0.000,0.000,0.000,-1.000,0.000,
1789508173.606,8659.365,1420318884.000,nil,0.000,false,IDLE,DORMANT,IDLE,false,0.000,0.000,false,0.000,0.000,0.000,0.000,0.000,-1.000,0.000,
1789508173.872,8659.631,1420318884.000,nil,0.000,false,IDLE,DORMANT,IDLE,false,0.000,0.000,false,0.000,0.000,0.000,0.000,0.000,-1.000,0.000,
1789508174.138,8659.898,1420318884.000,nil,0.000,false,IDLE,DORMANT,IDLE,false,0.000,0.000,false,0.000,0.000,0.000,0.000,0.000,-1.000,0.000,
1789508174.406,8660.165,1420318884.000,nil,0.000,false,IDLE,DORMANT,IDLE,false,0.000,0.000,false,0.000,0.000,0.000,0.000,0.000,-1.000,0.000,
1789508174.672,8660.431,1420318884.000,nil,0.000,false,IDLE,DORMANT,IDLE,false,0.000,0.000,false,0.000,0.000,0.000,0.000,0.000,-1.000,0.000,
1789508174.939,8660.698,1420318884.000,nil,0.000,false,IDLE,DORMANT,IDLE,false,0.000,0.000,false,0.000,0.000,0.000,0.000,0.000,-1.000,0.000,
1789508175.205,8660.965,1420318884.000,nil,0.000,false,IDLE,DORMANT,IDLE,false,0.000,0.000,false,0.000,0.000,0.000,0.000,0.000,-1.000,0.000,
1789508175.472,8661.231,1420318884.000,nil,0.000,false,IDLE,DORMANT,IDLE,false,0.000,0.000,false,0.000,0.000,0.000,0.000,0.000,-1.000,0.000,
1789508175.738,8661.498,1420318884.000,nil,0.000,false,IDLE,DORMANT,IDLE,false,0.000,0.000,false,0.000,0.000,0.000,0.000,0.000,-1.000,0.000,
1789508176.006,8661.765,1420318884.000,nil,0.000,false,IDLE,DORMANT,IDLE,false,0.000,0.000,false,0.000,0.000,0.000,0.000,0.000,-1.000,0.000,
1789508176.272,8662.031,1420318884.000,nil,0.000,false,IDLE,DORMANT,IDLE,false,0.000,0.000,false,0.000,0.000,0.000,0.000,0.000,-1.000,0.000,
1789508176.538,8662.297,1420318884.000,nil,0.000,false,IDLE,DORMANT,IDLE,false,0.000,0.000,false,0.000,0.000,0.000,0.000,0.000,-1.000,0.000,
1789508176.805,8662.564,1420318884.000,nil,0.000,false,IDLE,DORMANT,IDLE,false,0.000,0.000,false,0.000,0.000,0.000,0.000,0.000,-1.000,0.000,
1789508177.072,8662.831,1420318884.000,nil,0.000,false,IDLE,DORMANT,IDLE,false,0.000,0.000,false,0.000,0.000,0.000,0.000,0.000,-1.000,0.000,
1789508177.338,8663.098,1420318884.000,nil,0.000,false,IDLE,DORMANT,IDLE,false,0.000,0.000,false,0.000,0.000,0.000,0.000,0.000,-1.000,0.000,
1789508177.606,8663.365,1420318884.000,nil,0.000,false,IDLE,DORMANT,IDLE,false,0.000,0.000,false,0.000,0.000,0.000,0.000,0.000,-1.000,0.000,
1789508177.871,8663.630,1420318884.000,nil,0.000,false,IDLE,DORMANT,IDLE,false,0.000,0.000,false,0.000,0.000,0.000,0.000,0.000,-1.000,0.000,
1789508178.138,8663.897,1420318884.000,nil,0.000,false,IDLE,DORMANT,IDLE,false,0.000,0.000,false,0.000,0.000,0.000,0.000,0.000,-1.000,0.000,
1789508178.404,8664.163,1420318884.000,nil,0.000,false,IDLE,DORMANT,IDLE,false,0.000,0.000,false,0.000,0.000,0.000,0.000,0.000,-1.000,0.000,
1789508178.672,8664.431,1420318884.000,nil,0.000,false,IDLE,DORMANT,IDLE,false,0.000,0.000,false,0.000,0.000,0.000,0.000,0.000,-1.000,0.000,
1789508178.938,8664.698,1420318884.000,nil,0.000,false,IDLE,DORMANT,IDLE,false,0.000,0.000,false,0.000,0.000,0.000,0.000,0.000,-1.000,0.000,
1789508179.205,8664.964,1420318884.000,nil,0.000,false,IDLE,DORMANT,IDLE,false,0.000,0.000,false,0.000,0.000,0.000,0.000,0.000,-1.000,0.000,
1789508179.472,8665.231,1420318884.000,nil,0.000,false,IDLE,DORMANT,IDLE,false,0.000,0.000,false,0.000,0.000,0.000,0.000,0.000,-1.000,0.000,
1789508179.737,8665.497,1420318884.000,nil,0.000,false,IDLE,DORMANT,IDLE,false,0.000,0.000,false,0.000,0.000,0.000,0.000,0.000,-1.000,0.000,
1789508180.004,8665.763,1420318884.000,nil,0.000,false,IDLE,DORMANT,IDLE,false,0.000,0.000,false,0.000,0.000,0.000,0.000,0.000,-1.000,0.000,
1789508180.272,8666.031,1420318884.000,nil,0.000,false,IDLE,DORMANT,IDLE,false,0.000,0.000,false,0.000,0.000,0.000,0.000,0.000,-1.000,0.000,
1789508180.538,8666.297,1420318884.000,nil,0.000,false,IDLE,DORMANT,IDLE,false,0.000,0.000,false,0.000,0.000,0.000,0.000,0.000,-1.000,0.000,
1789508180.805,8666.564,1420318884.000,nil,0.000,false,IDLE,DORMANT,IDLE,false,0.000,0.000,false,0.000,0.000,0.000,0.000,0.000,-1.000,0.000,
1789508181.071,8666.830,1420318884.000,nil,0.000,false,IDLE,DORMANT,IDLE,false,0.000,0.000,false,0.000,0.000,0.000,0.000,0.000,-1.000,0.000,
1789508181.338,8667.098,1420318884.000,nil,0.000,false,IDLE,DORMANT,IDLE,false,0.000,0.000,false,0.000,0.000,0.000,0.000,0.000,-1.000,0.000,
1789508181.604,8667.363,1420318884.000,nil,0.000,false,IDLE,DORMANT,IDLE,false,0.000,0.000,false,0.000,0.000,0.000,0.000,0.000,-1.000,0.000,
1789508181.871,8667.630,1420318884.000,nil,0.000,false,IDLE,DORMANT,IDLE,false,0.000,0.000,false,0.000,0.000,0.000,0.000,0.000,-1.000,0.000,
1789508182.138,8667.897,1420318884.000,nil,0.000,false,IDLE,DORMANT,IDLE,false,0.000,0.000,false,0.000,0.000,0.000,0.000,0.000,-1.000,0.000,
1789508182.405,8668.164,1420318884.000,nil,0.000,false,IDLE,DORMANT,IDLE,false,0.000,0.000,false,0.000,0.000,0.000,0.000,0.000,-1.000,0.000,
1789508182.670,8668.430,1420318884.000,nil,0.000,false,IDLE,DORMANT,IDLE,false,0.000,0.000,false,0.000,0.000,0.000,0.000,0.000,-1.000,0.000,
1789508182.938,8668.697,1420318884.000,nil,0.000,false,IDLE,DORMANT,IDLE,false,0.000,0.000,false,0.000,0.000,0.000,0.000,0.000,-1.000,0.000,
1789508183.205,8668.964,1420318884.000,nil,0.000,false,IDLE,DORMANT,IDLE,false,0.000,0.000,false,0.000,0.000,0.000,0.000,0.000,-1.000,0.000,
1789508183.471,8669.231,1420318884.000,nil,0.000,false,IDLE,DORMANT,IDLE,false,0.000,0.000,false,0.000,0.000,0.000,0.000,0.000,-1.000,0.000,
1789508183.737,8669.496,1420318884.000,nil,0.000,false,IDLE,DORMANT,IDLE,false,0.000,0.000,false,0.000,0.000,0.000,0.000,0.000,-1.000,0.000,
1789508184.005,8669.764,1420318884.000,nil,0.000,false,IDLE,DORMANT,IDLE,false,0.000,0.000,false,0.000,0.000,0.000,0.000,0.000,-1.000,0.000,
1789508184.271,8670.031,1420318884.000,nil,0.000,false,IDLE,DORMANT,IDLE,false,0.000,0.000,false,0.000,0.000,0.000,0.000,0.000,-1.000,0.000,
1789508184.539,8670.298,1420318884.000,nil,0.000,false,IDLE,DORMANT,IDLE,false,0.000,0.000,false,0.000,0.000,0.000,0.000,0.000,-1.000,0.000,
1789508184.804,8670.563,1420318884.000,nil,0.000,false,IDLE,DORMANT,IDLE,false,0.000,0.000,false,0.000,0.000,0.000,0.000,0.000,-1.000,0.000,
1789508185.071,8670.830,1420318884.000,nil,0.000,false,IDLE,DORMANT,IDLE,false,0.000,0.000,false,0.000,0.000,0.000,0.000,0.000,-1.000,0.000,
1789508185.338,8671.098,1420318884.000,nil,0.000,false,IDLE,DORMANT,IDLE,false,0.000,0.000,false,0.000,0.000,0.000,0.000,0.000,-1.000,0.000,
1789508185.605,8671.364,1420318884.000,nil,0.000,false,IDLE,DORMANT,IDLE,false,0.000,0.000,false,0.000,0.000,0.000,0.000,0.000,-1.000,0.000,
1789508185.871,8671.631,1420318884.000,nil,0.000,false,IDLE,DORMANT,IDLE,false,0.000,0.000,false,0.000,0.000,0.000,0.000,0.000,-1.000,0.000,
1789508186.137,8671.897,1420318884.000,nil,0.000,false,IDLE,DORMANT,IDLE,false,0.000,0.000,false,0.000,0.000,0.000,0.000,0.000,-1.000,0.000,
1789508186.404,8672.164,1420318884.000,nil,0.000,false,IDLE,DORMANT,IDLE,false,0.000,0.000,false,0.000,0.000,0.000,0.000,0.000,-1.000,0.000,
1789508186.671,8672.430,1420318884.000,nil,0.000,false,IDLE,DORMANT,IDLE,false,0.000,0.000,false,0.000,0.000,0.000,0.000,0.000,-1.000,0.000,
1789508186.938,8672.698,1420318884.000,nil,0.000,false,IDLE,DORMANT,IDLE,false,0.000,0.000,false,0.000,0.000,0.000,0.000,0.000,-1.000,0.000,
1789508187.205,8672.964,1420318884.000,nil,0.000,false,IDLE,DORMANT,IDLE,false,0.000,0.000,false,0.000,0.000,0.000,0.000,0.000,-1.000,0.000,
1789508187.471,8673.230,1420318884.000,nil,0.000,false,IDLE,DORMANT,IDLE,false,0.000,0.000,false,0.000,0.000,0.000,0.000,0.000,-1.000,0.000,
1789508187.738,8673.497,1420318884.000,nil,0.000,false,IDLE,DORMANT,IDLE,false,0.000,0.000,false,0.000,0.000,0.000,0.000,0.000,-1.000,0.000,
1789508188.004,8673.763,1420318884.000,nil,0.000,false,IDLE,DORMANT,IDLE,false,0.000,0.000,false,0.000,0.000,0.000,0.000,0.000,-1.000,0.000,
1789508188.271,8674.030,1420318884.000,nil,0.000,false,IDLE,DORMANT,IDLE,false,0.000,0.000,false,0.000,0.000,0.000,0.000,0.000,-1.000,0.000,
1789508188.538,8674.298,1420318884.000,nil,0.000,false,IDLE,DORMANT,IDLE,false,0.000,0.000,false,0.000,0.000,0.000,0.000,0.000,-1.000,0.000,
1789508188.805,8674.564,1420318884.000,nil,0.000,false,IDLE,DORMANT,IDLE,false,0.000,0.000,false,0.000,0.000,0.000,0.000,0.000,-1.000,0.000,
1789508189.071,8674.831,1420318884.000,nil,0.000,false,IDLE,DORMANT,IDLE,false,0.000,0.000,false,0.000,0.000,0.000,0.000,0.000,-1.000,0.000,
1789508189.337,8675.097,1420318884.000,nil,0.000,false,IDLE,DORMANT,IDLE,false,0.000,0.000,false,0.000,0.000,0.000,0.000,0.000,-1.000,0.000,
1789508189.604,8675.363,1420318884.000,nil,0.000,false,IDLE,DORMANT,IDLE,false,0.000,0.000,false,0.000,0.000,0.000,0.000,0.000,-1.000,0.000,
1789508189.872,8675.632,1420318884.000,nil,0.000,false,IDLE,DORMANT,IDLE,false,0.000,0.000,false,0.000,0.000,0.000,0.000,0.000,-1.000,0.000,
1789508190.139,8675.897,1420318884.000,nil,0.000,false,IDLE,DORMANT,IDLE,false,0.000,0.000,false,0.000,0.000,0.000,0.000,0.000,-1.000,0.000,
1789508190.404,8676.163,1420318884.000,nil,0.000,false,IDLE,DORMANT,IDLE,false,0.000,0.000,false,0.000,0.000,0.000,0.000,0.000,-1.000,0.000,
1789508190.671,8676.430,1420318884.000,nil,0.000,false,IDLE,DORMANT,IDLE,false,0.000,0.000,false,0.000,0.000,0.000,0.000,0.000,-1.000,0.000,
1789508190.937,8676.697,1420318884.000,nil,0.000,false,IDLE,DORMANT,IDLE,false,0.000,0.000,false,0.000,0.000,0.000,0.000,0.000,-1.000,0.000,
1789508191.204,8676.963,1420318884.000,nil,0.000,false,IDLE,DORMANT,IDLE,false,0.000,0.000,false,0.000,0.000,0.000,0.000,0.000,-1.000,0.000,
1789508191.470,8677.230,1420318884.000,nil,0.000,false,IDLE,DORMANT,IDLE,false,0.000,0.000,false,0.000,0.000,0.000,0.000,0.000,-1.000,0.000,
1789508191.738,8677.497,1420318884.000,nil,0.000,false,IDLE,DORMANT,IDLE,false,0.000,0.000,false,0.000,0.000,0.000,0.000,0.000,-1.000,0.000,
1789508192.004,8677.763,1420318884.000,nil,0.000,false,IDLE,DORMANT,IDLE,false,0.000,0.000,false,0.000,0.000,0.000,0.000,0.000,-1.000,0.000,
1789508192.271,8678.030,1420318884.000,nil,0.000,false,IDLE,DORMANT,IDLE,false,0.000,0.000,false,0.000,0.000,0.000,0.000,0.000,-1.000,0.000,
1789508192.537,8678.297,1420318884.000,nil,0.000,false,IDLE,DORMANT,IDLE,false,0.000,0.000,false,0.000,0.000,0.000,0.000,0.000,-1.000,0.000,
1789508192.804,8678.563,1420318884.000,nil,0.000,false,IDLE,DORMANT,IDLE,false,0.000,0.000,false,0.000,0.000,0.000,0.000,0.000,-1.000,0.000,
1789508193.072,8678.832,1420318884.000,nil,0.000,false,IDLE,DORMANT,IDLE,false,0.000,0.000,false,0.000,0.000,0.000,0.000,0.000,-1.000,0.000,
1789508193.338,8679.097,1420318884.000,nil,0.000,false,IDLE,DORMANT,IDLE,false,0.000,0.000,false,0.000,0.000,0.000,0.000,0.000,-1.000,0.000,
1789508193.604,8679.363,1420318884.000,nil,0.000,false,IDLE,DORMANT,IDLE,false,0.000,0.000,false,0.000,0.000,0.000,0.000,0.000,-1.000,0.000,
1789508193.871,8679.630,1420318884.000,nil,0.000,false,IDLE,DORMANT,IDLE,false,0.000,0.000,false,0.000,0.000,0.000,0.000,0.000,-1.000,0.000,
1789508194.137,8679.896,1420318884.000,nil,0.000,false,IDLE,DORMANT,IDLE,false,0.000,0.000,false,0.000,0.000,0.000,0.000,0.000,-1.000,0.000,
1789508194.404,8680.163,1420318884.000,nil,0.000,false,IDLE,DORMANT,IDLE,false,0.000,0.000,false,0.000,0.000,0.000,0.000,0.000,-1.000,0.000,
1789508194.670,8680.430,1420318884.000,nil,0.000,false,IDLE,DORMANT,IDLE,false,0.000,0.000,false,0.000,0.000,0.000,0.000,0.000,-1.000,0.000,
1789508194.937,8680.697,1420318884.000,nil,0.000,false,IDLE,DORMANT,IDLE,false,0.000,0.000,false,0.000,0.000,0.000,0.000,0.000,-1.000,0.000,
1789508195.204,8680.963,1420318884.000,nil,0.000,false,IDLE,DORMANT,IDLE,false,0.000,0.000,false,0.000,0.000,0.000,0.000,0.000,-1.000,0.000,
1789508195.470,8681.230,1420318884.000,nil,0.000,false,IDLE,DORMANT,IDLE,false,0.000,0.000,false,0.000,0.000,0.000,0.000,0.000,-1.000,0.000,
1789508195.738,8681.497,1420318884.000,nil,0.000,false,IDLE,DORMANT,IDLE,false,0.000,0.000,false,0.000,0.000,0.000,0.000,0.000,-1.000,0.000,
1789508196.004,8681.763,1420318884.000,nil,0.000,false,IDLE,DORMANT,IDLE,false,0.000,0.000,false,0.000,0.000,0.000,0.000,0.000,-1.000,0.000,
1789508196.271,8682.030,1420318884.000,nil,0.000,false,IDLE,DORMANT,IDLE,false,0.000,0.000,false,0.000,0.000,0.000,0.000,0.000,-1.000,0.000,
1789508196.537,8682.296,1420318884.000,nil,0.000,false,IDLE,DORMANT,IDLE,false,0.000,0.000,false,0.000,0.000,0.000,0.000,0.000,-1.000,0.000,
1789508196.804,8682.563,1420318884.000,nil,0.000,false,IDLE,DORMANT,IDLE,false,0.000,0.000,false,0.000,0.000,0.000,0.000,0.000,-1.000,0.000,
1789508197.071,8682.831,1420318884.000,nil,0.000,false,IDLE,DORMANT,IDLE,false,0.000,0.000,false,0.000,0.000,0.000,0.000,0.000,-1.000,0.000,
1789508197.337,8683.096,1420318884.000,nil,0.000,false,IDLE,DORMANT,IDLE,false,0.000,0.000,false,0.000,0.000,0.000,0.000,0.000,-1.000,0.000,
1789508197.606,8683.365,1420318884.000,nil,0.000,false,IDLE,DORMANT,IDLE,false,0.000,0.000,false,0.000,0.000,0.000,0.000,0.000,-1.000,0.000,
1789508197.870,8683.630,1420318884.000,nil,0.000,false,IDLE,DORMANT,IDLE,false,0.000,0.000,false,0.000,0.000,0.000,0.000,0.000,-1.000,0.000,
1789508198.137,8683.896,1420318884.000,nil,0.000,false,IDLE,DORMANT,IDLE,false,0.000,0.000,false,0.000,0.000,0.000,0.000,0.000,-1.000,0.000,
1789508198.404,8684.163,1420318884.000,nil,0.000,false,IDLE,DORMANT,IDLE,false,0.000,0.000,false,0.000,0.000,0.000,0.000,0.000,-1.000,0.000,
1789508198.670,8684.429,1420318884.000,nil,0.000,false,IDLE,DORMANT,IDLE,false,0.000,0.000,false,0.000,0.000,0.000,0.000,0.000,-1.000,0.000,
1789508198.937,8684.697,1420318884.000,nil,0.000,false,IDLE,DORMANT,IDLE,false,0.000,0.000,false,0.000,0.000,0.000,0.000,0.000,-1.000,0.000,
1789508199.204,8684.963,1420318884.000,nil,0.000,false,IDLE,DORMANT,IDLE,false,0.000,0.000,false,0.000,0.000,0.000,0.000,0.000,-1.000,0.000,
1789508199.471,8685.231,1420318884.000,nil,0.000,false,IDLE,DORMANT,IDLE,false,0.000,0.000,false,0.000,0.000,0.000,0.000,0.000,-1.000,0.000,
1789508199.737,8685.496,1420318884.000,nil,0.000,false,IDLE,DORMANT,IDLE,false,0.000,0.000,false,0.000,0.000,0.000,0.000,0.000,-1.000,0.000,
1789508200.004,8685.763,1420318884.000,nil,0.000,false,IDLE,DORMANT,IDLE,false,0.000,0.000,false,0.000,0.000,0.000,0.000,0.000,-1.000,0.000,
1789508200.270,8686.030,1420318884.000,nil,0.000,false,IDLE,DORMANT,IDLE,false,0.000,0.000,false,0.000,0.000,0.000,0.000,0.000,-1.000,0.000,
1789508200.538,8686.297,1420318884.000,nil,0.000,false,IDLE,DORMANT,IDLE,false,0.000,0.000,false,0.000,0.000,0.000,0.000,0.000,-1.000,0.000,
1789508200.804,8686.563,1420318884.000,nil,0.000,false,IDLE,DORMANT,IDLE,false,0.000,0.000,false,0.000,0.000,0.000,0.000,0.000,-1.000,0.000,
1789508201.071,8686.830,1420318884.000,nil,0.000,false,IDLE,DORMANT,IDLE,false,0.000,0.000,false,0.000,0.000,0.000,0.000,0.000,-1.000,0.000,
1789508201.337,8687.096,1420318884.000,nil,0.000,false,IDLE,DORMANT,IDLE,false,0.000,0.000,false,0.000,0.000,0.000,0.000,0.000,-1.000,0.000,
1789508201.604,8687.363,1420318884.000,nil,0.000,false,IDLE,DORMANT,IDLE,false,0.000,0.000,false,0.000,0.000,0.000,0.000,0.000,-1.000,0.000,
