startSeconds,endSeconds,min,max,rmsDbfs,peakDbfs
0.0,0.02,-0.010880517773330212,0.002901841653510928,-47.131,-39.267
0.02,0.04,-0.006563076749444008,0.003544423496350646,-50.449,-43.658
0.04,0.06,-0.010161147452890873,0.01710893027484417,-45.093,-35.336
0.06,0.08,-0.04697762057185173,0.04819414019584656,-35.029,-26.34
0.08,0.1,-0.03286585956811905,0.030930345878005028,-38.903,-29.665
0.1,0.12,-0.026007479056715965,0.03261743485927582,-39.518,-29.731
0.12,0.14,-0.02271679788827896,0.019582020118832588,-40.929,-32.873
0.14,0.16,-0.01893380656838417,0.025655830278992653,-40.227,-31.816
0.16,0.18,-0.028104834258556366,0.02354326844215393,-40.188,-31.024
0.18,0.2,-0.029624519869685173,0.025382354855537415,-38.123,-30.567
0.2,0.22,-0.017444102093577385,0.029591212049126625,-37.986,-30.577
0.22,0.24,-0.04283315688371658,0.0445561483502388,-35.548,-27.022
0.24,0.26,-0.04420233517885208,0.018336426466703415,-34.917,-27.091
0.26,0.28,-0.05205278843641281,0.04706086218357086,-32.653,-25.671
0.28,0.3,-0.05628399923443794,0.03573058173060417,-33.667,-24.992
0.3,0.32,-0.054642755538225174,0.058337628841400146,-32.001,-24.681
0.32,0.34,-0.05578165501356125,0.0767861157655716,-30.417,-22.294
0.34,0.36,-0.06584218889474869,0.07963400334119797,-29.286,-21.978
0.36,0.38,-0.1043085902929306,0.07164385914802551,-27.83,-19.634
0.38,0.4,-0.09307562559843063,0.11365066468715668,-26.977,-18.889
0.4,0.42,-0.09831885993480682,0.13354426622390747,-25.183,-17.487
0.42,0.44,-0.09859078377485275,0.08968383073806763,-25.726,-20.123
0.44,0.46,-0.15884815156459808,0.15894447267055511,-22.238,-15.975
0.46,0.48,-0.13923236727714539,0.08772073686122894,-25.402,-17.125
0.48,0.5,-0.14917731285095215,0.12732385098934174,-24.746,-16.526
0.5,0.52,-0.22025388479232788,0.20327843725681305,-22.219,-13.142
0.52,0.54,-0.2946058511734009,0.21950417757034302,-20.418,-10.615
0.54,0.56,-0.23889876902103424,0.2053210288286209,-18.564,-12.436
0.56,0.58,-0.20922020077705383,0.26404330134391785,-21.767,-11.566
0.58,0.6,-0.12363744527101517,0.23765583336353302,-22.455,-12.481
0.6,0.62,-0.26516225934028625,0.2497505247592926,-18.167,-11.53
0.62,0.64,-0.2916736900806427,0.2325974851846695,-18.721,-10.702
0.64,0.66,-0.30284929275512695,0.32198572158813477,-16.347,-9.843
0.66,0.68,-0.12113510817289352,0.2265840768814087,-22.469,-12.895
0.68,0.7,-0.22028422355651855,0.13475355505943298,-22.19,-13.14
0.7,0.72,-0.17707058787345886,0.2055811583995819,-21.774,-13.74
0.72,0.74,-0.2284243255853653,0.30518674850463867,-18.347,-10.309
0.74,0.76,-0.2088075429201126,0.16376973688602448,-22.545,-13.605
0.76,0.78,-0.27656757831573486,0.22363771498203278,-21.379,-11.164
0.78,0.8,-0.1831715852022171,0.22403474152088165,-21.408,-12.994
0.8,0.82,-0.2360094040632248,0.3306344747543335,-18.978,-9.613
0.82,0.84,-0.1960364580154419,0.1125745102763176,-24.936,-14.153
0.84,0.86,-0.18799175322055817,0.22992800176143646,-22.623,-12.768
0.86,0.88,-0.23717743158340454,0.25628915429115295,-19.008,-11.825
0.88,0.9,-0.34973329305648804,0.3462461829185486,-16.377,-9.125
0.9,0.92,-0.1888951063156128,0.18109442293643951,-21.878,-14.476
0.92,0.94,-0.2587297856807709,0.2458886355161667,-20.961,-11.743
0.94,0.96,-0.272996723651886,0.23897172510623932,-19.406,-11.277
0.96,0.98,-0.2647479176521301,0.3282642364501953,-19.003,-9.676
0.98,1.0,-0.43560245633125305,0.3696291148662567,-15.746,-7.218
1.0,1.02,-0.35287460684776306,0.2696641981601715,-19.067,-9.048
1.02,1.04,-0.2808827757835388,0.26065489649772644,-17.683,-11.029
1.04,1.06,-0.245492085814476,0.27972012758255005,-18.468,-11.066
1.06,1.08,-0.3186568319797516,0.23803956806659698,-20.086,-9.934
1.08,1.1,-0.2587745487689972,0.26372334361076355,-18.253,-11.577
1.1,1.12,-0.20299836993217468,0.2569507956504822,-20.529,-11.803
1.12,1.14,-0.23421423137187958,0.32597824931144714,-16.579,-9.736
1.14,1.16,-0.32445028424263,0.2308059185743332,-20.431,-9.777
1.16,1.18,-0.15098902583122253,0.1613006591796875,-22.886,-15.847
1.18,1.2,-0.2277807742357254,0.2588026523590088,-19.23,-11.741
1.2,1.22,-0.2573873996734619,0.16382768750190735,-19.83,-11.788
1.22,1.24,-0.2811855375766754,0.31891900300979614,-18.079,-9.926
1.24,1.26,-0.3010161519050598,0.2312224805355072,-20.731,-10.428
1.26,1.28,-0.3057589530944824,0.20470745861530304,-19.258,-10.292
1.28,1.3,-0.18466420471668243,0.17751124501228333,-21.617,-14.672
1.3,1.32,-0.2722059190273285,0.20253826677799225,-21.466,-11.302
1.32,1.34,-0.4179040789604187,0.46923893690109253,-16.756,-6.572
1.34,1.36,-0.2824779450893402,0.3724004626274109,-17.126,-8.58
1.36,1.38,-0.2736298739910126,0.23008930683135986,-19.572,-11.257
1.38,1.4,-0.15589922666549683,0.1884784698486328,-24.029,-14.495
1.4,1.42,-0.3033306896686554,0.24576126039028168,-19.825,-10.362
1.42,1.44,-0.24796263873577118,0.25675466656684875,-18.435,-11.81
1.44,1.46,-0.291457861661911,0.2870278060436249,-18.058,-10.708
1.46,1.48,-0.17174053192138672,0.23629097640514374,-22.004,-12.531
1.48,1.5,-0.24344828724861145,0.24307198822498322,-20.529,-12.272
1.5,1.52,-0.13328392803668976,0.20138609409332275,-22.844,-13.919
1.52,1.54,-0.32840049266815186,0.25281965732574463,-19.956,-9.672
1.54,1.56,-0.1655200868844986,0.19102545082569122,-22.119,-14.378
1.56,1.58,-0.2398396134376526,0.19444608688354492,-21.224,-12.402
1.58,1.6,-0.18423272669315338,0.18037766218185425,-22.579,-14.693
1.6,1.62,-0.1344718188047409,0.1513262242078781,-24.034,-16.402
1.62,1.64,-0.15370163321495056,0.1578216403722763,-25.911,-16.037
1.64,1.66,-0.1122661754488945,0.13277752697467804,-25.669,-17.538
1.66,1.68,-0.2508017122745514,0.275136262178421,-23.031,-11.209
1.68,1.7,-0.24787075817584991,0.25318747758865356,-20.859,-11.931
1.7,1.72,-0.24089154601097107,0.1862352043390274,-22.035,-12.364
1.72,1.74,-0.15415237843990326,0.10323754698038101,-25.385,-16.241
1.74,1.76,-0.08660109341144562,0.09150770306587219,-28.462,-20.771
1.76,1.78,-0.08271133899688721,0.08048536628484726,-30.162,-21.649
1.78,1.8,-0.05806921049952507,0.043276265263557434,-32.427,-24.721
1.8,1.82,-0.04756989702582359,0.039148371666669846,-34.362,-26.453
1.82,1.84,-0.04033619165420532,0.03830424323678017,-35.701,-27.886
1.84,1.86,-0.03502603620290756,0.04650826379656792,-35.204,-26.649
1.86,1.88,-0.025643689557909966,0.03260952979326248,-37.799,-29.733
1.88,1.9,-0.032310910522937775,0.030381329357624054,-36.206,-29.813
1.9,1.92,-0.017759937793016434,0.024949824437499046,-40.945,-32.059
1.92,1.94,-0.013410283252596855,0.013255303725600243,-43.461,-37.451
1.94,1.96,-0.011113157495856285,0.015496301464736462,-44.798,-36.195
1.96,1.98,-0.01771136373281479,0.015186415053904057,-41.249,-35.035
1.98,2.0,-0.011353721842169762,0.0156321432441473,-43.646,-36.12
2.0,2.02,-0.006405494641512632,0.023351646959781647,-39.373,-32.634
2.02,2.04,-0.02246074564754963,0.013902498409152031,-44.091,-32.972
2.04,2.06,-0.06529136002063751,0.03684191033244133,-37.304,-23.703
2.06,2.08,-0.011244898661971092,0.025184189900755882,-39.165,-31.977
2.08,2.1,-0.03660721704363823,0.023369865491986275,-37.194,-28.729
2.1,2.12,-0.06991264969110489,0.04233454167842865,-34.56,-23.109
2.12,2.14,-0.24095803499221802,0.293802410364151,-22.709,-10.639
2.14,2.16,-0.25165390968322754,0.14640621840953827,-22.717,-11.984
2.16,2.18,-0.16261668503284454,0.18500402569770813,-23.425,-14.656
2.18,2.2,-0.154374361038208,0.07779983431100845,-26.21,-16.228
2.2,2.22,-0.10646511614322662,0.08055436611175537,-28.593,-19.456
2.22,2.24,-0.03395433351397514,0.0869033932685852,-29.966,-21.219
2.24,2.26,-0.06234234571456909,0.07920686900615692,-31.21,-22.025
2.26,2.28,-0.06192588806152344,0.025122275575995445,-32.948,-24.163
2.28,2.3,-0.02496797777712345,0.034078072756528854,-37.383,-29.35
2.3,2.32,-0.04761313274502754,0.03732693940401077,-37.207,-26.445
2.32,2.34,-0.04580521583557129,0.03448892757296562,-34.676,-26.782
2.34,2.36,-0.02201111428439617,0.033841706812381744,-38.363,-29.411
2.36,2.38,-0.016210509464144707,0.03463031351566315,-37.963,-29.211
2.38,2.4,-0.02523702010512352,0.02994024008512497,-36.337,-30.475
2.4,2.42,-0.053914520889520645,0.022569695487618446,-35.106,-25.366
2.42,2.44,-0.06182525306940079,0.03033800795674324,-35.303,-24.177
2.44,2.46,-0.021611575037240982,0.026201341301202774,-38.255,-31.634
2.46,2.48,-0.041271720081567764,0.054131556302309036,-37.08,-25.331
2.48,2.5,-0.17329217493534088,0.16471168398857117,-32.66,-15.224
2.5,2.52,-0.29572004079818726,0.2785532772541046,-21.98,-10.582
2.52,2.54,-0.19274833798408508,0.334788978099823,-21.639,-9.505
2.54,2.56,-0.948521614074707,1.0863447189331055,-9.498,0.719
2.56,2.58,-0.6305952072143555,0.42200377583503723,-13.954,-4.005
2.58,2.6,-0.314959853887558,0.47440817952156067,-15.474,-6.477
2.6,2.62,-0.37455642223358154,0.39045000076293945,-15.275,-8.169
2.62,2.64,-0.18165536224842072,0.24767202138900757,-21.918,-12.122
2.64,2.66,-0.16031020879745483,0.209845170378685,-21.323,-13.562
2.66,2.68,-0.15733425319194794,0.13429126143455505,-23.622,-16.064
2.68,2.7,-0.13052909076213837,0.11076206713914871,-25.246,-17.686
2.7,2.72,-0.07281595468521118,0.06926338374614716,-30.22,-22.755
2.72,2.74,-0.08649009466171265,0.09908515959978104,-27.921,-20.08
2.74,2.76,-0.04425162449479103,0.07023166120052338,-30.183,-23.069
2.76,2.78,-0.056729383766651154,0.026760105043649673,-32.661,-24.924
2.78,2.8,-0.07298751175403595,0.033682145178318024,-30.845,-22.735
2.8,2.82,-0.04162914305925369,0.05297886207699776,-34.415,-25.518
2.82,2.84,-0.03693440929055214,0.03520095348358154,-36.314,-28.651
2.84,2.86,-0.03361508995294571,0.04502560943365097,-35.2,-26.931
2.86,2.88,-0.04192128777503967,0.023776138201355934,-35.561,-27.551
2.88,2.9,-0.03348402678966522,0.01052629854530096,-36.022,-29.503
2.9,2.92,-0.009137747809290886,0.017175260931253433,-43.323,-35.302
2.92,2.94,-0.02086471952497959,0.00979640893638134,-40.497,-33.612
2.94,2.96,-0.004605041351169348,0.022081879898905754,-38.403,-33.119
2.96,2.98,-0.016704890877008438,0.009873452596366405,-42.443,-35.543
2.98,3.0,-0.018240708857774734,0.007678723894059658,-40.875,-34.779
3.0,3.02,-0.004519518930464983,0.011864358559250832,-46.357,-38.515
3.02,3.04,-0.009789885021746159,0.008747229352593422,-46.549,-40.184
3.04,3.06,-0.010033520869910717,0.00322480546310544,-47.536,-39.971
3.06,3.08,-0.0021163492929190397,0.01164825726300478,-44.829,-38.675
3.08,3.1,-0.006400718819350004,0.004824473522603512,-49.827,-43.875
3.1,3.12,-0.006394653581082821,0.0017545334994792938,-50.825,-43.884
3.12,3.14,-0.006464495789259672,-0.0003257694188505411,-48.893,-43.789
3.14,3.16,-0.004096393473446369,0.005940432660281658,-49.461,-44.524
3.16,3.18,-0.003339121351018548,0.005298139993101358,-51.268,-45.518
3.18,3.2,-0.0033542795572429895,0.008113174699246883,-48.083,-41.816
3.2,3.22,-0.002261605579406023,0.008829746395349503,-46.075,-41.081
3.22,3.24,-0.012985601089894772,-0.0012490949593484402,-42.293,-37.731
3.24,3.26,-0.0032949107699096203,0.005665502045303583,-52.78,-44.935
3.26,3.28,-0.001449231174774468,0.005963451229035854,-51.406,-44.49
3.28,3.3,-0.004519085865467787,0.001423089997842908,-51.838,-46.899
3.3,3.32,-0.0009458380518481135,0.0037889168597757816,-55.402,-48.43
3.32,3.34,-0.0052618179470300674,0.003219155129045248,-53.572,-45.577
3.34,3.36,-0.001636869739741087,0.00392969511449337,-54.639,-48.113
3.36,3.38,-0.0013917734613642097,0.003958348650485277,-56.267,-48.05
3.38,3.4,-0.0064395940862596035,0.00024043407756835222,-49.445,-43.823
3.4,3.42,-0.005972243379801512,0.002018247963860631,-49.676,-44.477
3.42,3.44,0.0002609970688354224,0.004766316618770361,-51.429,-46.436
3.44,3.46,-0.002786605153232813,0.0013122216332703829,-56.584,-51.098
3.46,3.48,-0.0013463909272104502,0.0031638499349355698,-54.804,-49.996
3.48,3.5,-0.001411990961059928,0.0031246780417859554,-55.179,-50.104
3.5,3.52,-0.0033219235483556986,-0.0009730239980854094,-52.307,-49.572
3.52,3.54,-0.001812002738006413,0.0015306000132113695,-61.759,-54.837
3.54,3.56,-0.0005025877035222948,0.0016291792271658778,-63.881,-55.761
3.56,3.58,-0.0016695212107151747,0.0014628812205046415,-61.364,-55.548
3.58,3.6,-0.0017945074941962957,0.0005662209005095065,-61.645,-54.921
3.6,3.62,-0.0005095668602734804,0.0003655337495729327,-72.522,-65.856
3.62,3.64,-0.0010792483808472753,2.5839473892119713e-05,-65.394,-59.338
3.64,3.66,-0.0004090101283509284,0.0010345540940761566,-67.229,-59.705
3.66,3.68,-0.00010062375076813623,0.001090270816348493,-63.239,-59.249
3.68,3.7,-0.0010796001879498363,0.0003195211465936154,-65.155,-59.335
3.7,3.72,-0.0020962003618478775,0.0004392834671307355,-57.877,-53.571
3.72,3.74,0.000157005968503654,0.0016983281821012497,-60.698,-55.4
3.74,3.76,-0.0004199802642688155,0.0017166138859465718,-61.712,-55.307
3.76,3.78,-0.0005182897439226508,0.0006334219360724092,-71.982,-63.966
3.78,3.8,-0.0004404489591252059,0.0004753091197926551,-74.341,-66.46
3.8,3.82,-0.0006385598098859191,7.534034375566989e-05,-70.238,-63.896
3.82,3.84,-0.000736055604647845,0.000264908914687112,-67.628,-62.662
3.84,3.86,5.147521733306348e-05,0.0007252144860103726,-67.936,-62.791
3.86,3.88,-0.00021377847588155419,0.0005083683063276112,-76.035,-65.876
3.88,3.9,-0.0001094942563213408,0.00044271687511354685,-73.003,-67.077
3.9,3.92,-0.0003620930656325072,0.00041098540532402694,-75.008,-67.723
3.92,3.94,-0.00037537599564529955,0.00014901721442583948,-75.57,-68.511
3.94,3.96,-0.0001771904935594648,0.00020380291971378028,-82.327,-73.816
3.96,3.98,-0.0001987547002499923,0.00022730696946382523,-81.218,-72.868
3.98,4.0,-0.00016835046699270606,0.0006374700460582972,-77.401,-63.911
